id,x,y
12350,0.0,0.0
12351,0.0,0.0
12352,0.0,0.0
12353,0.0,0.0
12354,0.0,0.0
12355,0.0,0.0
12356,0.0,0.0
12357,0.0,0.0
12358,0.0,0.0
12359,0.0,0.0
12360,0.0,0.0
12361,0.0,0.0
12362,0.0,0.0
12363,0.0,0.0
12364,0.0,0.0
12365,0.0,0.0
12366,0.0,0.0
12367,0.0,0.0
12368,0.0,0.0
12369,0.0,0.0
12370,0.0,0.0
12371,0.0,0.0
12372,0.0,0.0
12373,0.0,0.0
12374,0.0,0.0
12375,0.0,0.0
12376,0.0,0.0
12377,0.0,0.0
12378,0.0,0.0
12379,0.0,0.0
12380,0.0,0.0
12381,0.0,0.0
12382,0.0,0.0
12383,0.0,0.0
12384,0.0,0.0
12385,0.0,0.0
12386,0.0,0.0
12387,0.0,0.0
12388,0.0,0.0
12389,0.0,0.0
12390,0.0,0.0
12391,0.0,0.0
12392,0.0,0.0
12393,0.0,0.0
12394,0.0,0.0
12395,0.0,0.0
12396,0.0,0.0
12397,0.0,0.0
12398,0.0,0.0
12399,0.0,0.0
12400,0.0,0.0
12401,0.0,0.0
12402,0.0,0.0
12403,0.0,0.0
12404,0.0,0.0
12405,0.0,0.0
12406,0.0,0.0
12407,0.0,0.0
12408,0.0,0.0
12409,0.0,0.0
12410,0.0,0.0
12411,0.0,0.0
12412,0.0,0.0
12413,0.0,0.0
12414,0.0,0.0
12415,0.0,0.0
12416,0.0,0.0
12417,0.0,0.0
12418,0.0,0.0
12419,0.0,0.0
12420,0.0,0.0
12421,0.0,0.0
12422,0.0,0.0
12423,0.0,0.0
12424,0.0,0.0
12425,0.0,0.0
12426,0.0,0.0
12427,0.0,0.0
12428,0.0,0.0
12429,0.0,0.0
12430,0.0,0.0
12431,0.0,0.0
12432,0.0,0.0
12433,0.0,0.0
12434,0.0,0.0
12435,0.0,0.0
12436,0.0,0.0
12437,0.0,0.0
12438,0.0,0.0
12439,0.0,0.0
12440,0.0,0.0
12441,0.0,0.0
12442,0.0,0.0
12443,0.0,0.0
12444,0.0,0.0
12445,0.0,0.0
12446,0.0,0.0
12447,0.0,0.0
12448,0.0,0.0
12449,0.0,0.0
12450,0.0,0.0
12451,0.0,0.0
12452,0.0,0.0
12453,0.0,0.0
12454,0.0,0.0
12455,0.0,0.0
12456,0.0,0.0
12457,0.0,0.0
12458,0.0,0.0
12459,0.0,0.0
12460,0.0,0.0
12461,0.0,0.0
12462,0.0,0.0
12463,0.0,0.0
12464,0.0,0.0
12465,0.0,0.0
12466,0.0,0.0
12467,0.0,0.0
12468,0.0,0.0
12469,0.0,0.0
12470,0.0,0.0
12471,0.0,0.0
12472,0.0,0.0
12473,0.0,0.0
12474,0.0,0.0
12475,0.0,0.0
12476,0.0,0.0
12477,0.0,0.0
12478,0.0,0.0
12479,0.0,0.0
12480,0.0,0.0
12481,0.0,0.0
12482,0.0,0.0
12483,0.0,0.0
12484,0.0,0.0
12485,0.0,0.0
12486,0.0,0.0
12487,0.0,0.0
12488,0.0,0.0
12489,0.0,0.0
12490,0.0,0.0
12491,0.0,0.0
12492,0.0,0.0
12493,0.0,0.0
12494,0.0,0.0
12495,0.0,0.0
12496,0.0,0.0
12497,0.0,0.0
12498,0.0,0.0
12499,0.0,0.0
12500,0.0,0.0
12501,0.0,0.0
12502,0.0,0.0
12503,0.0,0.0
12504,0.0,0.0
12505,0.0,0.0
12506,0.0,0.0
12507,0.0,0.0
12508,0.0,0.0
12509,0.0,0.0
12510,0.0,0.0
12511,0.0,0.0
12512,0.0,0.0
12513,0.0,0.0
12514,0.0,0.0
12515,0.0,0.0
12516,0.0,0.0
12517,0.0,0.0
12518,0.0,0.0
12519,0.0,0.0
12520,0.0,0.0
12521,0.0,0.0
12522,0.0,0.0
12523,0.0,0.0
12524,0.0,0.0
12525,0.0,0.0
12526,0.0,0.0
12527,0.0,0.0
12528,0.0,0.0
12529,0.0,0.0
12530,0.0,0.0
12531,0.0,0.0
12532,0.0,0.0
12533,0.0,0.0
12534,0.0,0.0
12535,0.0,0.0
12536,0.0,0.0
12537,0.0,0.0
12538,0.0,0.0
12539,0.0,0.0
12540,0.0,0.0
12541,0.0,0.0
12542,0.0,0.0
12543,0.0,0.0
12544,0.0,0.0
12545,0.0,0.0
12546,0.0,0.0
12547,0.0,0.0
12548,0.0,0.0
12549,0.0,0.0
12550,0.0,0.0
12551,0.0,0.0
12552,0.0,0.0
12553,0.0,0.0
12554,0.0,0.0
12555,0.0,0.0
12556,0.0,0.0
12557,0.0,0.0
12558,0.0,0.0
12559,0.0,0.0
12560,0.0,0.0
12561,0.0,0.0
12562,0.0,0.0
12563,0.0,0.0
12564,0.0,0.0
12565,0.0,0.0
12566,0.0,0.0
12567,0.0,0.0
12568,0.0,0.0
12569,0.0,0.0
12570,0.0,0.0
12571,0.0,0.0
12572,0.0,0.0
12573,0.0,0.0
12574,0.0,0.0
12575,0.0,0.0
12576,0.0,0.0
12577,0.0,0.0
12578,0.0,0.0
12579,0.0,0.0
12580,0.0,0.0
12581,0.0,0.0
12582,0.0,0.0
12583,0.0,0.0
12584,0.0,0.0
12585,0.0,0.0
12586,0.0,0.0
12587,0.0,0.0
12588,0.0,0.0
12589,0.0,0.0
12590,0.0,0.0
12591,0.0,0.0
12592,0.0,0.0
12593,0.0,0.0
12594,0.0,0.0
12595,0.0,0.0
12596,0.0,0.0
12597,0.0,0.0
12598,0.0,0.0
12599,0.0,0.0
12600,0.0,0.0
12601,0.0,0.0
12602,0.0,0.0
12603,0.0,0.0
12604,0.0,0.0
12605,0.0,0.0
12606,0.0,0.0
12607,0.0,0.0
12608,0.0,0.0
12609,0.0,0.0
12610,0.0,0.0
12611,0.0,0.0
12612,0.0,0.0
12613,0.0,0.0
12614,0.0,0.0
12615,0.0,0.0
12616,0.0,0.0
12617,0.0,0.0
12618,0.0,0.0
12619,0.0,0.0
12620,0.0,0.0
12621,0.0,0.0
12622,0.0,0.0
12623,0.0,0.0
12624,0.0,0.0
12625,0.0,0.0
12626,0.0,0.0
12627,0.0,0.0
12628,0.0,0.0
12629,0.0,0.0
12630,0.0,0.0
12631,0.0,0.0
12632,0.0,0.0
12633,0.0,0.0
12634,0.0,0.0
12635,0.0,0.0
12636,0.0,0.0
12637,0.0,0.0
12638,0.0,0.0
12639,0.0,0.0
12640,0.0,0.0
12641,0.0,0.0
12642,0.0,0.0
12643,0.0,0.0
12644,0.0,0.0
12645,0.0,0.0
12646,0.0,0.0
12647,0.0,0.0
12648,0.0,0.0
12649,0.0,0.0
12650,0.0,0.0
12651,0.0,0.0
12652,0.0,0.0
12653,0.0,0.0
12654,0.0,0.0
12655,0.0,0.0
12656,0.0,0.0
12657,0.0,0.0
12658,0.0,0.0
12659,0.0,0.0
12660,0.0,0.0
12661,0.0,0.0
12662,0.0,0.0
12663,0.0,0.0
12664,0.0,0.0
12665,0.0,0.0
12666,0.0,0.0
12667,0.0,0.0
12668,0.0,0.0
12669,0.0,0.0
12670,0.0,0.0
12671,0.0,0.0
12672,0.0,0.0
12673,0.0,0.0
12674,0.0,0.0
12675,0.0,0.0
12676,0.0,0.0
12677,0.0,0.0
12678,0.0,0.0
12679,0.0,0.0
12680,0.0,0.0
12681,0.0,0.0
12682,0.0,0.0
12683,0.0,0.0
12684,0.0,0.0
12685,0.0,0.0
12686,0.0,0.0
12687,0.0,0.0
12688,0.0,0.0
12689,0.0,0.0
12690,0.0,0.0
12691,0.0,0.0
12692,0.0,0.0
12693,0.0,0.0
12694,0.0,0.0
12695,0.0,0.0
12696,0.0,0.0
12697,0.0,0.0
12698,0.0,0.0
12699,0.0,0.0
12700,0.0,0.0
12701,0.0,0.0
12702,0.0,0.0
12703,0.0,0.0
12704,0.0,0.0
12705,0.0,0.0
12706,0.0,0.0
12707,0.0,0.0
12708,0.0,0.0
12709,0.0,0.0
12710,0.0,0.0
12711,0.0,0.0
12712,0.0,0.0
12713,0.0,0.0
12714,0.0,0.0
12715,0.0,0.0
12716,0.0,0.0
12717,0.0,0.0
12718,0.0,0.0
12719,0.0,0.0
12720,0.0,0.0
12721,0.0,0.0
12722,0.0,0.0
12723,0.0,0.0
12724,0.0,0.0
12725,0.0,0.0
12726,0.0,0.0
12727,0.0,0.0
12728,0.0,0.0
12729,0.0,0.0
12730,0.0,0.0
12731,0.0,0.0
12732,0.0,0.0
12733,0.0,0.0
12734,0.0,0.0
12735,0.0,0.0
12736,0.0,0.0
12737,0.0,0.0
12738,0.0,0.0
12739,0.0,0.0
12740,0.0,0.0
12741,0.0,0.0
12742,0.0,0.0
12743,0.0,0.0
12744,0.0,0.0
12745,0.0,0.0
12746,0.0,0.0
12747,0.0,0.0
12748,0.0,0.0
12749,0.0,0.0
12750,0.0,0.0
12751,0.0,0.0
12752,0.0,0.0
12753,0.0,0.0
12754,0.0,0.0
12755,0.0,0.0
12756,0.0,0.0
12757,0.0,0.0
12758,0.0,0.0
12759,0.0,0.0
12760,0.0,0.0
12761,0.0,0.0
12762,0.0,0.0
12763,0.0,0.0
12764,0.0,0.0
12765,0.0,0.0
12766,0.0,0.0
12767,0.0,0.0
12768,0.0,0.0
12769,0.0,0.0
12770,0.0,0.0
12771,0.0,0.0
12772,0.0,0.0
12773,0.0,0.0
12774,0.0,0.0
12775,0.0,0.0
12776,0.0,0.0
12777,0.0,0.0
12778,0.0,0.0
12779,0.0,0.0
12780,0.0,0.0
12781,0.0,0.0
12782,0.0,0.0
12783,0.0,0.0
12784,0.0,0.0
12785,0.0,0.0
12786,0.0,0.0
12787,0.0,0.0
12788,0.0,0.0
12789,0.0,0.0
12790,0.0,0.0
12791,0.0,0.0
12792,0.0,0.0
12793,0.0,0.0
12794,0.0,0.0
12795,0.0,0.0
12796,0.0,0.0
12797,0.0,0.0
12798,0.0,0.0
12799,0.0,0.0
12800,0.0,0.0
12801,0.0,0.0
12802,0.0,0.0
12803,0.0,0.0
12804,0.0,0.0
12805,0.0,0.0
12806,0.0,0.0
12807,0.0,0.0
12808,0.0,0.0
12809,0.0,0.0
12810,0.0,0.0
12811,0.0,0.0
12812,0.0,0.0
12813,0.0,0.0
12814,0.0,0.0
12815,0.0,0.0
12816,0.0,0.0
12817,0.0,0.0
12818,0.0,0.0
12819,0.0,0.0
12820,0.0,0.0
12821,0.0,0.0
12822,0.0,0.0
12823,0.0,0.0
12824,0.0,0.0
12825,0.0,0.0
12826,0.0,0.0
12827,0.0,0.0
12828,0.0,0.0
12829,0.0,0.0
12830,0.0,0.0
12831,0.0,0.0
12832,0.0,0.0
12833,0.0,0.0
12834,0.0,0.0
12835,0.0,0.0
12836,0.0,0.0
12837,0.0,0.0
12838,0.0,0.0
12839,0.0,0.0
12840,0.0,0.0
12841,0.0,0.0
12842,0.0,0.0
12843,0.0,0.0
12844,0.0,0.0
12845,0.0,0.0
12846,0.0,0.0
12847,0.0,0.0
12848,0.0,0.0
12849,0.0,0.0
12850,0.0,0.0
12851,0.0,0.0
12852,0.0,0.0
12853,0.0,0.0
12854,0.0,0.0
12855,0.0,0.0
12856,0.0,0.0
12857,0.0,0.0
12858,0.0,0.0
12859,0.0,0.0
12860,0.0,0.0
12861,0.0,0.0
12862,0.0,0.0
12863,0.0,0.0
12864,0.0,0.0
12865,0.0,0.0
12866,0.0,0.0
12867,0.0,0.0
12868,0.0,0.0
12869,0.0,0.0
12870,0.0,0.0
12871,0.0,0.0
12872,0.0,0.0
12873,0.0,0.0
12874,0.0,0.0
12875,0.0,0.0
12876,0.0,0.0
12877,0.0,0.0
12878,0.0,0.0
12879,0.0,0.0
12880,0.0,0.0
12881,0.0,0.0
12882,0.0,0.0
12883,0.0,0.0
12884,0.0,0.0
12885,0.0,0.0
12886,0.0,0.0
12887,0.0,0.0
12888,0.0,0.0
12889,0.0,0.0
12890,0.0,0.0
12891,0.0,0.0
12892,0.0,0.0
12893,0.0,0.0
12894,0.0,0.0
12895,0.0,0.0
12896,0.0,0.0
12897,0.0,0.0
12898,0.0,0.0
12899,0.0,0.0
12900,0.0,0.0
12901,0.0,0.0
12902,0.0,0.0
12903,0.0,0.0
12904,0.0,0.0
12905,0.0,0.0
12906,0.0,0.0
12907,0.0,0.0
12908,0.0,0.0
12909,0.0,0.0
12910,0.0,0.0
12911,0.0,0.0
12912,0.0,0.0
12913,0.0,0.0
12914,0.0,0.0
12915,0.0,0.0
12916,0.0,0.0
12917,0.0,0.0
12918,0.0,0.0
12919,0.0,0.0
12920,0.0,0.0
12921,0.0,0.0
12922,0.0,0.0
12923,0.0,0.0
12924,0.0,0.0
12925,0.0,0.0
12926,0.0,0.0
12927,0.0,0.0
12928,0.0,0.0
12929,0.0,0.0
12930,0.0,0.0
12931,0.0,0.0
12932,0.0,0.0
12933,0.0,0.0
12934,0.0,0.0
12935,0.0,0.0
12936,0.0,0.0
12937,0.0,0.0
12938,0.0,0.0
12939,0.0,0.0
12940,0.0,0.0
12941,0.0,0.0
12942,0.0,0.0
12943,0.0,0.0
12944,0.0,0.0
12945,0.0,0.0
12946,0.0,0.0
12947,0.0,0.0
12948,0.0,0.0
12949,0.0,0.0
12950,0.0,0.0
12951,0.0,0.0
12952,0.0,0.0
12953,0.0,0.0
12954,0.0,0.0
12955,0.0,0.0
12956,0.0,0.0
12957,0.0,0.0
12958,0.0,0.0
12959,0.0,0.0
12960,0.0,0.0
12961,0.0,0.0
12962,0.0,0.0
12963,0.0,0.0
12964,0.0,0.0
12965,0.0,0.0
12966,0.0,0.0
12967,0.0,0.0
12968,0.0,0.0
12969,0.0,0.0
12970,0.0,0.0
12971,0.0,0.0
12972,0.0,0.0
12973,0.0,0.0
12974,0.0,0.0
12975,0.0,0.0
12976,0.0,0.0
12977,0.0,0.0
12978,0.0,0.0
12979,0.0,0.0
12980,0.0,0.0
12981,0.0,0.0
12982,0.0,0.0
12983,0.0,0.0
12984,0.0,0.0
12985,0.0,0.0
12986,0.0,0.0
12987,0.0,0.0
12988,0.0,0.0
12989,0.0,0.0
12990,0.0,0.0
12991,0.0,0.0
12992,0.0,0.0
12993,0.0,0.0
12994,0.0,0.0
12995,0.0,0.0
12996,0.0,0.0
12997,0.0,0.0
12998,0.0,0.0
12999,0.0,0.0
13000,0.0,0.0
13001,0.0,0.0
13002,0.0,0.0
13003,0.0,0.0
13004,0.0,0.0
13005,0.0,0.0
13006,0.0,0.0
13007,0.0,0.0
13008,0.0,0.0
13009,0.0,0.0
13010,0.0,0.0
13011,0.0,0.0
13012,0.0,0.0
13013,0.0,0.0
13014,0.0,0.0
13015,0.0,0.0
13016,0.0,0.0
13017,0.0,0.0
13018,0.0,0.0
13019,0.0,0.0
13020,0.0,0.0
13021,0.0,0.0
13022,0.0,0.0
13023,0.0,0.0
13024,0.0,0.0
13025,0.0,0.0
13026,0.0,0.0
13027,0.0,0.0
13028,0.0,0.0
13029,0.0,0.0
13030,0.0,0.0
13031,0.0,0.0
13032,0.0,0.0
13033,0.0,0.0
13034,0.0,0.0
13035,0.0,0.0
13036,0.0,0.0
13037,0.0,0.0
13038,0.0,0.0
13039,0.0,0.0
13040,0.0,0.0
13041,0.0,0.0
13042,0.0,0.0
13043,0.0,0.0
13044,0.0,0.0
13045,0.0,0.0
13046,0.0,0.0
13047,0.0,0.0
13048,0.0,0.0
13049,0.0,0.0
13050,0.0,0.0
13051,0.0,0.0
13052,0.0,0.0
13053,0.0,0.0
13054,0.0,0.0
13055,0.0,0.0
13056,0.0,0.0
13057,0.0,0.0
13058,0.0,0.0
13059,0.0,0.0
13060,0.0,0.0
13061,0.0,0.0
13062,0.0,0.0
13063,0.0,0.0
13064,0.0,0.0
13065,0.0,0.0
13066,0.0,0.0
13067,0.0,0.0
13068,0.0,0.0
13069,0.0,0.0
13070,0.0,0.0
13071,0.0,0.0
13072,0.0,0.0
13073,0.0,0.0
13074,0.0,0.0
13075,0.0,0.0
13076,0.0,0.0
13077,0.0,0.0
13078,0.0,0.0
13079,0.0,0.0
13080,0.0,0.0
13081,0.0,0.0
13082,0.0,0.0
13083,0.0,0.0
13084,0.0,0.0
13085,0.0,0.0
13086,0.0,0.0
13087,0.0,0.0
13088,0.0,0.0
13089,0.0,0.0
13090,0.0,0.0
13091,0.0,0.0
13092,0.0,0.0
13093,0.0,0.0
13094,0.0,0.0
13095,0.0,0.0
13096,0.0,0.0
13097,0.0,0.0
13098,0.0,0.0
13099,0.0,0.0
13100,0.0,0.0
13101,0.0,0.0
13102,0.0,0.0
13103,0.0,0.0
13104,0.0,0.0
13105,0.0,0.0
13106,0.0,0.0
13107,0.0,0.0
13108,0.0,0.0
13109,0.0,0.0
13110,0.0,0.0
13111,0.0,0.0
13112,0.0,0.0
13113,0.0,0.0
13114,0.0,0.0
13115,0.0,0.0
13116,0.0,0.0
13117,0.0,0.0
13118,0.0,0.0
13119,0.0,0.0
13120,0.0,0.0
13121,0.0,0.0
13122,0.0,0.0
13123,0.0,0.0
13124,0.0,0.0
13125,0.0,0.0
13126,0.0,0.0
13127,0.0,0.0
13128,0.0,0.0
13129,0.0,0.0
13130,0.0,0.0
13131,0.0,0.0
13132,0.0,0.0
13133,0.0,0.0
13134,0.0,0.0
13135,0.0,0.0
13136,0.0,0.0
13137,0.0,0.0
13138,0.0,0.0
13139,0.0,0.0
13140,0.0,0.0
13141,0.0,0.0
13142,0.0,0.0
13143,0.0,0.0
13144,0.0,0.0
13145,0.0,0.0
13146,0.0,0.0
13147,0.0,0.0
13148,0.0,0.0
13149,0.0,0.0
13150,0.0,0.0
13151,0.0,0.0
13152,0.0,0.0
13153,0.0,0.0
13154,0.0,0.0
13155,0.0,0.0
13156,0.0,0.0
13157,0.0,0.0
13158,0.0,0.0
13159,0.0,0.0
13160,0.0,0.0
13161,0.0,0.0
13162,0.0,0.0
13163,0.0,0.0
13164,0.0,0.0
13165,0.0,0.0
13166,0.0,0.0
13167,0.0,0.0
13168,0.0,0.0
13169,0.0,0.0
13170,0.0,0.0
13171,0.0,0.0
13172,0.0,0.0
13173,0.0,0.0
13174,0.0,0.0
13175,0.0,0.0
13176,0.0,0.0
13177,0.0,0.0
13178,0.0,0.0
13179,0.0,0.0
13180,0.0,0.0
13181,0.0,0.0
13182,0.0,0.0
13183,0.0,0.0
13184,0.0,0.0
13185,0.0,0.0
13186,0.0,0.0
13187,0.0,0.0
13188,0.0,0.0
13189,0.0,0.0
13190,0.0,0.0
13191,0.0,0.0
13192,0.0,0.0
13193,0.0,0.0
13194,0.0,0.0
13195,0.0,0.0
13196,0.0,0.0
13197,0.0,0.0
13198,0.0,0.0
13199,0.0,0.0
13200,0.0,0.0
13201,0.0,0.0
13202,0.0,0.0
13203,0.0,0.0
13204,0.0,0.0
13205,0.0,0.0
13206,0.0,0.0
13207,0.0,0.0
13208,0.0,0.0
13209,0.0,0.0
13210,0.0,0.0
13211,0.0,0.0
13212,0.0,0.0
13213,0.0,0.0
13214,0.0,0.0
13215,0.0,0.0
13216,0.0,0.0
13217,0.0,0.0
13218,0.0,0.0
13219,0.0,0.0
13220,0.0,0.0
13221,0.0,0.0
13222,0.0,0.0
13223,0.0,0.0
13224,0.0,0.0
13225,0.0,0.0
13226,0.0,0.0
13227,0.0,0.0
13228,0.0,0.0
13229,0.0,0.0
13230,0.0,0.0
13231,0.0,0.0
13232,0.0,0.0
13233,0.0,0.0
13234,0.0,0.0
13235,0.0,0.0
13236,0.0,0.0
13237,0.0,0.0
13238,0.0,0.0
13239,0.0,0.0
13240,0.0,0.0
13241,0.0,0.0
13242,0.0,0.0
13243,0.0,0.0
13244,0.0,0.0
13245,0.0,0.0
13246,0.0,0.0
13247,0.0,0.0
13248,0.0,0.0
13249,0.0,0.0
13250,0.0,0.0
13251,0.0,0.0
13252,0.0,0.0
13253,0.0,0.0
13254,0.0,0.0
13255,0.0,0.0
13256,0.0,0.0
13257,0.0,0.0
13258,0.0,0.0
13259,0.0,0.0
13260,0.0,0.0
13261,0.0,0.0
13262,0.0,0.0
13263,0.0,0.0
13264,0.0,0.0
13265,0.0,0.0
13266,0.0,0.0
13267,0.0,0.0
13268,0.0,0.0
13269,0.0,0.0
13270,0.0,0.0
13271,0.0,0.0
13272,0.0,0.0
13273,0.0,0.0
13274,0.0,0.0
13275,0.0,0.0
13276,0.0,0.0
13277,0.0,0.0
13278,0.0,0.0
13279,0.0,0.0
13280,0.0,0.0
13281,0.0,0.0
13282,0.0,0.0
13283,0.0,0.0
13284,0.0,0.0
13285,0.0,0.0
13286,0.0,0.0
13287,0.0,0.0
13288,0.0,0.0
13289,0.0,0.0
13290,0.0,0.0
13291,0.0,0.0
13292,0.0,0.0
13293,0.0,0.0
13294,0.0,0.0
13295,0.0,0.0
13296,0.0,0.0
13297,0.0,0.0
13298,0.0,0.0
13299,0.0,0.0
13300,0.0,0.0
13301,0.0,0.0
13302,0.0,0.0
13303,0.0,0.0
13304,0.0,0.0
13305,0.0,0.0
13306,0.0,0.0
13307,0.0,0.0
13308,0.0,0.0
13309,0.0,0.0
13310,0.0,0.0
13311,0.0,0.0
13312,0.0,0.0
13313,0.0,0.0
13314,0.0,0.0
13315,0.0,0.0
13316,0.0,0.0
13317,0.0,0.0
13318,0.0,0.0
13319,0.0,0.0
13320,0.0,0.0
13321,0.0,0.0
13322,0.0,0.0
13323,0.0,0.0
13324,0.0,0.0
13325,0.0,0.0
13326,0.0,0.0
13327,0.0,0.0
13328,0.0,0.0
13329,0.0,0.0
13330,0.0,0.0
13331,0.0,0.0
13332,0.0,0.0
13333,0.0,0.0
13334,0.0,0.0
13335,0.0,0.0
13336,0.0,0.0
13337,0.0,0.0
13338,0.0,0.0
13339,0.0,0.0
13340,0.0,0.0
13341,0.0,0.0
13342,0.0,0.0
13343,0.0,0.0
13344,0.0,0.0
13345,0.0,0.0
13346,0.0,0.0
13347,0.0,0.0
13348,0.0,0.0
13349,0.0,0.0
13350,0.0,0.0
13351,0.0,0.0
13352,0.0,0.0
13353,0.0,0.0
13354,0.0,0.0
13355,0.0,0.0
13356,0.0,0.0
13357,0.0,0.0
13358,0.0,0.0
13359,0.0,0.0
13360,0.0,0.0
13361,0.0,0.0
13362,0.0,0.0
13363,0.0,0.0
13364,0.0,0.0
13365,0.0,0.0
13366,0.0,0.0
13367,0.0,0.0
13368,0.0,0.0
13369,0.0,0.0
13370,0.0,0.0
13371,0.0,0.0
13372,0.0,0.0
13373,0.0,0.0
13374,0.0,0.0
13375,0.0,0.0
13376,0.0,0.0
13377,0.0,0.0
13378,0.0,0.0
13379,0.0,0.0
13380,0.0,0.0
13381,0.0,0.0
13382,0.0,0.0
13383,0.0,0.0
13384,0.0,0.0
13385,0.0,0.0
13386,0.0,0.0
13387,0.0,0.0
13388,0.0,0.0
13389,0.0,0.0
13390,0.0,0.0
13391,0.0,0.0
13392,0.0,0.0
13393,0.0,0.0
13394,0.0,0.0
13395,0.0,0.0
13396,0.0,0.0
13397,0.0,0.0
13398,0.0,0.0
13399,0.0,0.0
13400,0.0,0.0
13401,0.0,0.0
13402,0.0,0.0
13403,0.0,0.0
13404,0.0,0.0
13405,0.0,0.0
13406,0.0,0.0
13407,0.0,0.0
13408,0.0,0.0
13409,0.0,0.0
13410,0.0,0.0
13411,0.0,0.0
13412,0.0,0.0
13413,0.0,0.0
13414,0.0,0.0
13415,0.0,0.0
13416,0.0,0.0
13417,0.0,0.0
13418,0.0,0.0
13419,0.0,0.0
13420,0.0,0.0
13421,0.0,0.0
13422,0.0,0.0
13423,0.0,0.0
13424,0.0,0.0
13425,0.0,0.0
13426,0.0,0.0
13427,0.0,0.0
13428,0.0,0.0
13429,0.0,0.0
13430,0.0,0.0
13431,0.0,0.0
13432,0.0,0.0
13433,0.0,0.0
13434,0.0,0.0
13435,0.0,0.0
13436,0.0,0.0
13437,0.0,0.0
13438,0.0,0.0
13439,0.0,0.0
13440,0.0,0.0
13441,0.0,0.0
13442,0.0,0.0
13443,0.0,0.0
13444,0.0,0.0
13445,0.0,0.0
13446,0.0,0.0
13447,0.0,0.0
13448,0.0,0.0
13449,0.0,0.0
13450,0.0,0.0
13451,0.0,0.0
13452,0.0,0.0
13453,0.0,0.0
13454,0.0,0.0
13455,0.0,0.0
13456,0.0,0.0
13457,0.0,0.0
13458,0.0,0.0
13459,0.0,0.0
13460,0.0,0.0
13461,0.0,0.0
13462,0.0,0.0
13463,0.0,0.0
13464,0.0,0.0
13465,0.0,0.0
13466,0.0,0.0
13467,0.0,0.0
13468,0.0,0.0
13469,0.0,0.0
13470,0.0,0.0
13471,0.0,0.0
13472,0.0,0.0
13473,0.0,0.0
13474,0.0,0.0
13475,0.0,0.0
13476,0.0,0.0
13477,0.0,0.0
13478,0.0,0.0
13479,0.0,0.0
13480,0.0,0.0
13481,0.0,0.0
13482,0.0,0.0
13483,0.0,0.0
13484,0.0,0.0
13485,0.0,0.0
13486,0.0,0.0
13487,0.0,0.0
13488,0.0,0.0
13489,0.0,0.0
13490,0.0,0.0
13491,0.0,0.0
13492,0.0,0.0
13493,0.0,0.0
13494,0.0,0.0
13495,0.0,0.0
13496,0.0,0.0
13497,0.0,0.0
13498,0.0,0.0
13499,0.0,0.0
13500,0.0,0.0
13501,0.0,0.0
13502,0.0,0.0
13503,0.0,0.0
13504,0.0,0.0
13505,0.0,0.0
13506,0.0,0.0
13507,0.0,0.0
13508,0.0,0.0
13509,0.0,0.0
13510,0.0,0.0
13511,0.0,0.0
13512,0.0,0.0
13513,0.0,0.0
13514,0.0,0.0
13515,0.0,0.0
13516,0.0,0.0
13517,0.0,0.0
13518,0.0,0.0
13519,0.0,0.0
13520,0.0,0.0
13521,0.0,0.0
13522,0.0,0.0
13523,0.0,0.0
13524,0.0,0.0
13525,0.0,0.0
13526,0.0,0.0
13527,0.0,0.0
13528,0.0,0.0
13529,0.0,0.0
13530,0.0,0.0
13531,0.0,0.0
13532,0.0,0.0
13533,0.0,0.0
13534,0.0,0.0
13535,0.0,0.0
13536,0.0,0.0
13537,0.0,0.0
13538,0.0,0.0
13539,0.0,0.0
13540,0.0,0.0
13541,0.0,0.0
13542,0.0,0.0
13543,0.0,0.0
13544,0.0,0.0
13545,0.0,0.0
13546,0.0,0.0
13547,0.0,0.0
13548,0.0,0.0
13549,0.0,0.0
13550,0.0,0.0
13551,0.0,0.0
13552,0.0,0.0
13553,0.0,0.0
13554,0.0,0.0
13555,0.0,0.0
13556,0.0,0.0
13557,0.0,0.0
13558,0.0,0.0
13559,0.0,0.0
13560,0.0,0.0
13561,0.0,0.0
13562,0.0,0.0
13563,0.0,0.0
13564,0.0,0.0
13565,0.0,0.0
13566,0.0,0.0
13567,0.0,0.0
13568,0.0,0.0
13569,0.0,0.0
13570,0.0,0.0
13571,0.0,0.0
13572,0.0,0.0
13573,0.0,0.0
13574,0.0,0.0
13575,0.0,0.0
13576,0.0,0.0
13577,0.0,0.0
13578,0.0,0.0
13579,0.0,0.0
13580,0.0,0.0
13581,0.0,0.0
13582,0.0,0.0
13583,0.0,0.0
13584,0.0,0.0
13585,0.0,0.0
13586,0.0,0.0
13587,0.0,0.0
13588,0.0,0.0
13589,0.0,0.0
13590,0.0,0.0
13591,0.0,0.0
13592,0.0,0.0
13593,0.0,0.0
13594,0.0,0.0
13595,0.0,0.0
13596,0.0,0.0
13597,0.0,0.0
13598,0.0,0.0
13599,0.0,0.0
13600,0.0,0.0
13601,0.0,0.0
13602,0.0,0.0
13603,0.0,0.0
13604,0.0,0.0
13605,0.0,0.0
13606,0.0,0.0
13607,0.0,0.0
13608,0.0,0.0
13609,0.0,0.0
13610,0.0,0.0
13611,0.0,0.0
13612,0.0,0.0
13613,0.0,0.0
13614,0.0,0.0
13615,0.0,0.0
13616,0.0,0.0
13617,0.0,0.0
13618,0.0,0.0
13619,0.0,0.0
13620,0.0,0.0
13621,0.0,0.0
13622,0.0,0.0
13623,0.0,0.0
13624,0.0,0.0
13625,0.0,0.0
13626,0.0,0.0
13627,0.0,0.0
13628,0.0,0.0
13629,0.0,0.0
13630,0.0,0.0
13631,0.0,0.0
13632,0.0,0.0
13633,0.0,0.0
13634,0.0,0.0
13635,0.0,0.0
13636,0.0,0.0
13637,0.0,0.0
13638,0.0,0.0
13639,0.0,0.0
13640,0.0,0.0
13641,0.0,0.0
13642,0.0,0.0
13643,0.0,0.0
13644,0.0,0.0
13645,0.0,0.0
13646,0.0,0.0
13647,0.0,0.0
13648,0.0,0.0
13649,0.0,0.0
13650,0.0,0.0
13651,0.0,0.0
13652,0.0,0.0
13653,0.0,0.0
13654,0.0,0.0
13655,0.0,0.0
13656,0.0,0.0
13657,0.0,0.0
13658,0.0,0.0
13659,0.0,0.0
13660,0.0,0.0
13661,0.0,0.0
13662,0.0,0.0
13663,0.0,0.0
13664,0.0,0.0
13665,0.0,0.0
13666,0.0,0.0
13667,0.0,0.0
13668,0.0,0.0
13669,0.0,0.0
13670,0.0,0.0
13671,0.0,0.0
13672,0.0,0.0
13673,0.0,0.0
13674,0.0,0.0
13675,0.0,0.0
13676,0.0,0.0
13677,0.0,0.0
13678,0.0,0.0
13679,0.0,0.0
13680,0.0,0.0
13681,0.0,0.0
13682,0.0,0.0
13683,0.0,0.0
13684,0.0,0.0
13685,0.0,0.0
13686,0.0,0.0
13687,0.0,0.0
13688,0.0,0.0
13689,0.0,0.0
13690,0.0,0.0
13691,0.0,0.0
13692,0.0,0.0
13693,0.0,0.0
13694,0.0,0.0
13695,0.0,0.0
13696,0.0,0.0
13697,0.0,0.0
13698,0.0,0.0
13699,0.0,0.0
13700,0.0,0.0
13701,0.0,0.0
13702,0.0,0.0
13703,0.0,0.0
13704,0.0,0.0
13705,0.0,0.0
13706,0.0,0.0
13707,0.0,0.0
13708,0.0,0.0
13709,0.0,0.0
13710,0.0,0.0
13711,0.0,0.0
13712,0.0,0.0
13713,0.0,0.0
13714,0.0,0.0
13715,0.0,0.0
13716,0.0,0.0
13717,0.0,0.0
13718,0.0,0.0
13719,0.0,0.0
13720,0.0,0.0
13721,0.0,0.0
13722,0.0,0.0
13723,0.0,0.0
13724,0.0,0.0
13725,0.0,0.0
13726,0.0,0.0
13727,0.0,0.0
13728,0.0,0.0
13729,0.0,0.0
13730,0.0,0.0
13731,0.0,0.0
13732,0.0,0.0
13733,0.0,0.0
13734,0.0,0.0
13735,0.0,0.0
13736,0.0,0.0
13737,0.0,0.0
13738,0.0,0.0
13739,0.0,0.0
13740,0.0,0.0
13741,0.0,0.0
13742,0.0,0.0
13743,0.0,0.0
13744,0.0,0.0
13745,0.0,0.0
13746,0.0,0.0
13747,0.0,0.0
13748,0.0,0.0
13749,0.0,0.0
13750,0.0,0.0
13751,0.0,0.0
13752,0.0,0.0
13753,0.0,0.0
13754,0.0,0.0
13755,0.0,0.0
13756,0.0,0.0
13757,0.0,0.0
13758,0.0,0.0
13759,0.0,0.0
13760,0.0,0.0
13761,0.0,0.0
13762,0.0,0.0
13763,0.0,0.0
13764,0.0,0.0
13765,0.0,0.0
13766,0.0,0.0
13767,0.0,0.0
13768,0.0,0.0
13769,0.0,0.0
13770,0.0,0.0
13771,0.0,0.0
13772,0.0,0.0
13773,0.0,0.0
13774,0.0,0.0
13775,0.0,0.0
13776,0.0,0.0
13777,0.0,0.0
13778,0.0,0.0
13779,0.0,0.0
13780,0.0,0.0
13781,0.0,0.0
13782,0.0,0.0
13783,0.0,0.0
13784,0.0,0.0
13785,0.0,0.0
13786,0.0,0.0
13787,0.0,0.0
13788,0.0,0.0
13789,0.0,0.0
13790,0.0,0.0
13791,0.0,0.0
13792,0.0,0.0
13793,0.0,0.0
13794,0.0,0.0
13795,0.0,0.0
13796,0.0,0.0
13797,0.0,0.0
13798,0.0,0.0
13799,0.0,0.0
13800,0.0,0.0
13801,0.0,0.0
13802,0.0,0.0
13803,0.0,0.0
13804,0.0,0.0
13805,0.0,0.0
13806,0.0,0.0
13807,0.0,0.0
13808,0.0,0.0
13809,0.0,0.0
13810,0.0,0.0
13811,0.0,0.0
13812,0.0,0.0
13813,0.0,0.0
13814,0.0,0.0
13815,0.0,0.0
13816,0.0,0.0
13817,0.0,0.0
13818,0.0,0.0
13819,0.0,0.0
13820,0.0,0.0
13821,0.0,0.0
13822,0.0,0.0
13823,0.0,0.0
13824,0.0,0.0
13825,0.0,0.0
13826,0.0,0.0
13827,0.0,0.0
13828,0.0,0.0
13829,0.0,0.0
13830,0.0,0.0
13831,0.0,0.0
13832,0.0,0.0
13833,0.0,0.0
13834,0.0,0.0
13835,0.0,0.0
13836,0.0,0.0
13837,0.0,0.0
13838,0.0,0.0
13839,0.0,0.0
13840,0.0,0.0
13841,0.0,0.0
13842,0.0,0.0
13843,0.0,0.0
13844,0.0,0.0
13845,0.0,0.0
13846,0.0,0.0
13847,0.0,0.0
13848,0.0,0.0
13849,0.0,0.0
13850,0.0,0.0
13851,0.0,0.0
13852,0.0,0.0
13853,0.0,0.0
13854,0.0,0.0
13855,0.0,0.0
13856,0.0,0.0
13857,0.0,0.0
13858,0.0,0.0
13859,0.0,0.0
13860,0.0,0.0
13861,0.0,0.0
13862,0.0,0.0
13863,0.0,0.0
13864,0.0,0.0
13865,0.0,0.0
13866,0.0,0.0
13867,0.0,0.0
13868,0.0,0.0
13869,0.0,0.0
13870,0.0,0.0
13871,0.0,0.0
13872,0.0,0.0
13873,0.0,0.0
13874,0.0,0.0
13875,0.0,0.0
13876,0.0,0.0
13877,0.0,0.0
13878,0.0,0.0
13879,0.0,0.0
13880,0.0,0.0
13881,0.0,0.0
13882,0.0,0.0
13883,0.0,0.0
13884,0.0,0.0
13885,0.0,0.0
13886,0.0,0.0
13887,0.0,0.0
13888,0.0,0.0
13889,0.0,0.0
13890,0.0,0.0
13891,0.0,0.0
13892,0.0,0.0
13893,0.0,0.0
13894,0.0,0.0
13895,0.0,0.0
13896,0.0,0.0
13897,0.0,0.0
13898,0.0,0.0
13899,0.0,0.0
13900,0.0,0.0
13901,0.0,0.0
13902,0.0,0.0
13903,0.0,0.0
13904,0.0,0.0
13905,0.0,0.0
13906,0.0,0.0
13907,0.0,0.0
13908,0.0,0.0
13909,0.0,0.0
13910,0.0,0.0
13911,0.0,0.0
13912,0.0,0.0
13913,0.0,0.0
13914,0.0,0.0
13915,0.0,0.0
13916,0.0,0.0
13917,0.0,0.0
13918,0.0,0.0
13919,0.0,0.0
13920,0.0,0.0
13921,0.0,0.0
13922,0.0,0.0
13923,0.0,0.0
13924,0.0,0.0
13925,0.0,0.0
13926,0.0,0.0
13927,0.0,0.0
13928,0.0,0.0
13929,0.0,0.0
13930,0.0,0.0
13931,0.0,0.0
13932,0.0,0.0
13933,0.0,0.0
13934,0.0,0.0
13935,0.0,0.0
13936,0.0,0.0
13937,0.0,0.0
13938,0.0,0.0
13939,0.0,0.0
13940,0.0,0.0
13941,0.0,0.0
13942,0.0,0.0
13943,0.0,0.0
13944,0.0,0.0
13945,0.0,0.0
13946,0.0,0.0
13947,0.0,0.0
13948,0.0,0.0
13949,0.0,0.0
13950,0.0,0.0
13951,0.0,0.0
13952,0.0,0.0
13953,0.0,0.0
13954,0.0,0.0
13955,0.0,0.0
13956,0.0,0.0
13957,0.0,0.0
13958,0.0,0.0
13959,0.0,0.0
13960,0.0,0.0
13961,0.0,0.0
13962,0.0,0.0
13963,0.0,0.0
13964,0.0,0.0
13965,0.0,0.0
13966,0.0,0.0
13967,0.0,0.0
13968,0.0,0.0
13969,0.0,0.0
13970,0.0,0.0
13971,0.0,0.0
13972,0.0,0.0
13973,0.0,0.0
13974,0.0,0.0
13975,0.0,0.0
13976,0.0,0.0
13977,0.0,0.0
13978,0.0,0.0
13979,0.0,0.0
13980,0.0,0.0
13981,0.0,0.0
13982,0.0,0.0
13983,0.0,0.0
13984,0.0,0.0
13985,0.0,0.0
13986,0.0,0.0
13987,0.0,0.0
13988,0.0,0.0
13989,0.0,0.0
13990,0.0,0.0
13991,0.0,0.0
13992,0.0,0.0
13993,0.0,0.0
13994,0.0,0.0
13995,0.0,0.0
13996,0.0,0.0
13997,0.0,0.0
13998,0.0,0.0
13999,0.0,0.0
14000,0.0,0.0
14001,0.0,0.0
14002,0.0,0.0
14003,0.0,0.0
14004,0.0,0.0
14005,0.0,0.0
14006,0.0,0.0
14007,0.0,0.0
14008,0.0,0.0
14009,0.0,0.0
14010,0.0,0.0
14011,0.0,0.0
14012,0.0,0.0
14013,0.0,0.0
14014,0.0,0.0
14015,0.0,0.0
14016,0.0,0.0
14017,0.0,0.0
14018,0.0,0.0
14019,0.0,0.0
14020,0.0,0.0
14021,0.0,0.0
14022,0.0,0.0
14023,0.0,0.0
14024,0.0,0.0
14025,0.0,0.0
14026,0.0,0.0
14027,0.0,0.0
14028,0.0,0.0
14029,0.0,0.0
14030,0.0,0.0
14031,0.0,0.0
14032,0.0,0.0
14033,0.0,0.0
14034,0.0,0.0
14035,0.0,0.0
14036,0.0,0.0
14037,0.0,0.0
14038,0.0,0.0
14039,0.0,0.0
14040,0.0,0.0
14041,0.0,0.0
14042,0.0,0.0
14043,0.0,0.0
14044,0.0,0.0
14045,0.0,0.0
14046,0.0,0.0
14047,0.0,0.0
14048,0.0,0.0
14049,0.0,0.0
14050,0.0,0.0
14051,0.0,0.0
14052,0.0,0.0
14053,0.0,0.0
14054,0.0,0.0
14055,0.0,0.0
14056,0.0,0.0
14057,0.0,0.0
14058,0.0,0.0
14059,0.0,0.0
14060,0.0,0.0
14061,0.0,0.0
14062,0.0,0.0
14063,0.0,0.0
14064,0.0,0.0
14065,0.0,0.0
14066,0.0,0.0
14067,0.0,0.0
14068,0.0,0.0
14069,0.0,0.0
14070,0.0,0.0
14071,0.0,0.0
14072,0.0,0.0
14073,0.0,0.0
14074,0.0,0.0
14075,0.0,0.0
14076,0.0,0.0
14077,0.0,0.0
14078,0.0,0.0
14079,0.0,0.0
14080,0.0,0.0
14081,0.0,0.0
14082,0.0,0.0
14083,0.0,0.0
14084,0.0,0.0
14085,0.0,0.0
14086,0.0,0.0
14087,0.0,0.0
14088,0.0,0.0
14089,0.0,0.0
14090,0.0,0.0
14091,0.0,0.0
14092,0.0,0.0
14093,0.0,0.0
14094,0.0,0.0
14095,0.0,0.0
14096,0.0,0.0
14097,0.0,0.0
14098,0.0,0.0
14099,0.0,0.0
14100,0.0,0.0
14101,0.0,0.0
14102,0.0,0.0
14103,0.0,0.0
14104,0.0,0.0
14105,0.0,0.0
14106,0.0,0.0
14107,0.0,0.0
14108,0.0,0.0
14109,0.0,0.0
14110,0.0,0.0
14111,0.0,0.0
14112,0.0,0.0
14113,0.0,0.0
14114,0.0,0.0
14115,0.0,0.0
14116,0.0,0.0
14117,0.0,0.0
14118,0.0,0.0
14119,0.0,0.0
14120,0.0,0.0
14121,0.0,0.0
14122,0.0,0.0
14123,0.0,0.0
14124,0.0,0.0
14125,0.0,0.0
14126,0.0,0.0
14127,0.0,0.0
14128,0.0,0.0
14129,0.0,0.0
14130,0.0,0.0
14131,0.0,0.0
14132,0.0,0.0
14133,0.0,0.0
14134,0.0,0.0
14135,0.0,0.0
14136,0.0,0.0
14137,0.0,0.0
14138,0.0,0.0
14139,0.0,0.0
14140,0.0,0.0
14141,0.0,0.0
14142,0.0,0.0
14143,0.0,0.0
14144,0.0,0.0
14145,0.0,0.0
14146,0.0,0.0
14147,0.0,0.0
14148,0.0,0.0
14149,0.0,0.0
14150,0.0,0.0
14151,0.0,0.0
14152,0.0,0.0
14153,0.0,0.0
14154,0.0,0.0
14155,0.0,0.0
14156,0.0,0.0
14157,0.0,0.0
14158,0.0,0.0
14159,0.0,0.0
14160,0.0,0.0
14161,0.0,0.0
14162,0.0,0.0
14163,0.0,0.0
14164,0.0,0.0
14165,0.0,0.0
14166,0.0,0.0
14167,0.0,0.0
14168,0.0,0.0
14169,0.0,0.0
14170,0.0,0.0
14171,0.0,0.0
14172,0.0,0.0
14173,0.0,0.0
14174,0.0,0.0
14175,0.0,0.0
14176,0.0,0.0
14177,0.0,0.0
14178,0.0,0.0
14179,0.0,0.0
14180,0.0,0.0
14181,0.0,0.0
14182,0.0,0.0
14183,0.0,0.0
14184,0.0,0.0
14185,0.0,0.0
14186,0.0,0.0
14187,0.0,0.0
14188,0.0,0.0
14189,0.0,0.0
14190,0.0,0.0
14191,0.0,0.0
14192,0.0,0.0
14193,0.0,0.0
14194,0.0,0.0
14195,0.0,0.0
14196,0.0,0.0
14197,0.0,0.0
14198,0.0,0.0
14199,0.0,0.0
14200,0.0,0.0
14201,0.0,0.0
14202,0.0,0.0
14203,0.0,0.0
14204,0.0,0.0
14205,0.0,0.0
14206,0.0,0.0
14207,0.0,0.0
14208,0.0,0.0
14209,0.0,0.0
14210,0.0,0.0
14211,0.0,0.0
14212,0.0,0.0
14213,0.0,0.0
14214,0.0,0.0
14215,0.0,0.0
14216,0.0,0.0
14217,0.0,0.0
14218,0.0,0.0
14219,0.0,0.0
14220,0.0,0.0
14221,0.0,0.0
14222,0.0,0.0
14223,0.0,0.0
14224,0.0,0.0
14225,0.0,0.0
14226,0.0,0.0
14227,0.0,0.0
14228,0.0,0.0
14229,0.0,0.0
14230,0.0,0.0
14231,0.0,0.0
14232,0.0,0.0
14233,0.0,0.0
14234,0.0,0.0
14235,0.0,0.0
14236,0.0,0.0
14237,0.0,0.0
14238,0.0,0.0
14239,0.0,0.0
14240,0.0,0.0
14241,0.0,0.0
14242,0.0,0.0
14243,0.0,0.0
14244,0.0,0.0
14245,0.0,0.0
14246,0.0,0.0
14247,0.0,0.0
14248,0.0,0.0
14249,0.0,0.0
14250,0.0,0.0
14251,0.0,0.0
14252,0.0,0.0
14253,0.0,0.0
14254,0.0,0.0
14255,0.0,0.0
14256,0.0,0.0
14257,0.0,0.0
14258,0.0,0.0
14259,0.0,0.0
14260,0.0,0.0
14261,0.0,0.0
14262,0.0,0.0
14263,0.0,0.0
14264,0.0,0.0
14265,0.0,0.0
14266,0.0,0.0
14267,0.0,0.0
14268,0.0,0.0
14269,0.0,0.0
14270,0.0,0.0
14271,0.0,0.0
34033,0.0,0.0
34034,0.0,0.0
34035,0.0,0.0
34036,0.0,0.0
34037,0.0,0.0
34038,0.0,0.0
34039,0.0,0.0
34040,0.0,0.0
34041,0.0,0.0
34042,0.0,0.0
34043,0.0,0.0
34044,0.0,0.0
34045,0.0,0.0
34046,0.0,0.0
34047,0.0,0.0
34048,0.0,0.0
34049,0.0,0.0
34050,0.0,0.0
34051,0.0,0.0
34052,0.0,0.0
34053,0.0,0.0
34054,0.0,0.0
34055,0.0,0.0
34056,0.0,0.0
34057,0.0,0.0
34058,0.0,0.0
34059,0.0,0.0
34060,0.0,0.0
34061,0.0,0.0
34062,0.0,0.0
34063,0.0,0.0
34064,0.0,0.0
34065,0.0,0.0
34066,0.0,0.0
34067,0.0,0.0
34068,0.0,0.0
34069,0.0,0.0
34070,0.0,0.0
34071,0.0,0.0
34072,0.0,0.0
34073,0.0,0.0
34074,0.0,0.0
34075,0.0,0.0
34076,0.0,0.0
34077,0.0,0.0
34078,0.0,0.0
34079,0.0,0.0
34080,0.0,0.0
34081,0.0,0.0
34082,0.0,0.0
34083,0.0,0.0
34084,0.0,0.0
34085,0.0,0.0
34086,0.0,0.0
34087,0.0,0.0
34088,0.0,0.0
34089,0.0,0.0
34090,0.0,0.0
34091,0.0,0.0
34092,0.0,0.0
34093,0.0,0.0
34094,0.0,0.0
34095,0.0,0.0
34096,0.0,0.0
34097,0.0,0.0
34098,0.0,0.0
34099,0.0,0.0
34100,0.0,0.0
34101,0.0,0.0
34102,0.0,0.0
34103,0.0,0.0
34104,0.0,0.0
34105,0.0,0.0
34106,0.0,0.0
34107,0.0,0.0
34108,0.0,0.0
34109,0.0,0.0
34110,0.0,0.0
34111,0.0,0.0
34112,0.0,0.0
34113,0.0,0.0
34114,0.0,0.0
34115,0.0,0.0
34116,0.0,0.0
34117,0.0,0.0
34118,0.0,0.0
34119,0.0,0.0
34120,0.0,0.0
34121,0.0,0.0
34122,0.0,0.0
34123,0.0,0.0
34124,0.0,0.0
34125,0.0,0.0
34126,0.0,0.0
34127,0.0,0.0
34128,0.0,0.0
34129,0.0,0.0
34130,0.0,0.0
34131,0.0,0.0
34132,0.0,0.0
34133,0.0,0.0
34134,0.0,0.0
34135,0.0,0.0
34136,0.0,0.0
34137,0.0,0.0
34138,0.0,0.0
34139,0.0,0.0
34140,0.0,0.0
34141,0.0,0.0
34142,0.0,0.0
34143,0.0,0.0
34144,0.0,0.0
34145,0.0,0.0
34146,0.0,0.0
34147,0.0,0.0
34148,0.0,0.0
34149,0.0,0.0
34150,0.0,0.0
34151,0.0,0.0
34152,0.0,0.0
34153,0.0,0.0
34154,0.0,0.0
34155,0.0,0.0
34156,0.0,0.0
34157,0.0,0.0
34158,0.0,0.0
34159,0.0,0.0
34160,0.0,0.0
34161,0.0,0.0
34162,0.0,0.0
34163,0.0,0.0
34164,0.0,0.0
34165,0.0,0.0
34166,0.0,0.0
34167,0.0,0.0
34168,0.0,0.0
34169,0.0,0.0
34170,0.0,0.0
34171,0.0,0.0
34172,0.0,0.0
34173,0.0,0.0
34174,0.0,0.0
34175,0.0,0.0
34176,0.0,0.0
34177,0.0,0.0
34178,0.0,0.0
34179,0.0,0.0
34180,0.0,0.0
34181,0.0,0.0
34182,0.0,0.0
34183,0.0,0.0
34184,0.0,0.0
34185,0.0,0.0
34186,0.0,0.0
34187,0.0,0.0
34188,0.0,0.0
34189,0.0,0.0
34190,0.0,0.0
34191,0.0,0.0
34192,0.0,0.0
34193,0.0,0.0
34194,0.0,0.0
34195,0.0,0.0
34196,0.0,0.0
34197,0.0,0.0
34198,0.0,0.0
34199,0.0,0.0
34200,0.0,0.0
34201,0.0,0.0
34202,0.0,0.0
34203,0.0,0.0
34204,0.0,0.0
34205,0.0,0.0
34206,0.0,0.0
34207,0.0,0.0
34208,0.0,0.0
34209,0.0,0.0
34210,0.0,0.0
34211,0.0,0.0
34212,0.0,0.0
34213,0.0,0.0
34214,0.0,0.0
34215,0.0,0.0
34216,0.0,0.0
34217,0.0,0.0
34218,0.0,0.0
34219,0.0,0.0
34220,0.0,0.0
34221,0.0,0.0
34222,0.0,0.0
34223,0.0,0.0
34224,0.0,0.0
34225,0.0,0.0
34226,0.0,0.0
34227,0.0,0.0
34228,0.0,0.0
34229,0.0,0.0
34230,0.0,0.0
34231,0.0,0.0
34232,0.0,0.0
34233,0.0,0.0
34234,0.0,0.0
34235,0.0,0.0
34236,0.0,0.0
34237,0.0,0.0
34238,0.0,0.0
34239,0.0,0.0
34240,0.0,0.0
34241,0.0,0.0
34242,0.0,0.0
34243,0.0,0.0
34244,0.0,0.0
34245,0.0,0.0
34246,0.0,0.0
34247,0.0,0.0
34248,0.0,0.0
34249,0.0,0.0
34250,0.0,0.0
34251,0.0,0.0
34252,0.0,0.0
34253,0.0,0.0
34254,0.0,0.0
34255,0.0,0.0
34256,0.0,0.0
34257,0.0,0.0
34258,0.0,0.0
34259,0.0,0.0
34260,0.0,0.0
34261,0.0,0.0
34262,0.0,0.0
34263,0.0,0.0
34264,0.0,0.0
34265,0.0,0.0
34266,0.0,0.0
34267,0.0,0.0
34268,0.0,0.0
34269,0.0,0.0
34270,0.0,0.0
34271,0.0,0.0
34272,0.0,0.0
34273,0.0,0.0
34274,0.0,0.0
34275,0.0,0.0
34276,0.0,0.0
34277,0.0,0.0
34278,0.0,0.0
34279,0.0,0.0
34280,0.0,0.0
34281,0.0,0.0
34282,0.0,0.0
34283,0.0,0.0
34284,0.0,0.0
34285,0.0,0.0
34286,0.0,0.0
34287,0.0,0.0
34288,0.0,0.0
34289,0.0,0.0
34290,0.0,0.0
34291,0.0,0.0
34292,0.0,0.0
34293,0.0,0.0
34294,0.0,0.0
34295,0.0,0.0
34296,0.0,0.0
34297,0.0,0.0
34298,0.0,0.0
34299,0.0,0.0
34300,0.0,0.0
34301,0.0,0.0
34302,0.0,0.0
34303,0.0,0.0
34304,0.0,0.0
34305,0.0,0.0
34306,0.0,0.0
34307,0.0,0.0
34308,0.0,0.0
34309,0.0,0.0
34310,0.0,0.0
34311,0.0,0.0
34312,0.0,0.0
34313,0.0,0.0
34314,0.0,0.0
34315,0.0,0.0
34316,0.0,0.0
34317,0.0,0.0
34318,0.0,0.0
34319,0.0,0.0
34320,0.0,0.0
34321,0.0,0.0
34322,0.0,0.0
34323,0.0,0.0
34324,0.0,0.0
34325,0.0,0.0
34326,0.0,0.0
34327,0.0,0.0
34328,0.0,0.0
34329,0.0,0.0
34330,0.0,0.0
34331,0.0,0.0
34332,0.0,0.0
34333,0.0,0.0
34334,0.0,0.0
34335,0.0,0.0
34336,0.0,0.0
34337,0.0,0.0
34338,0.0,0.0
34339,0.0,0.0
34340,0.0,0.0
34341,0.0,0.0
34342,0.0,0.0
34343,0.0,0.0
34344,0.0,0.0
34345,0.0,0.0
34346,0.0,0.0
34347,0.0,0.0
34348,0.0,0.0
34349,0.0,0.0
34350,0.0,0.0
34351,0.0,0.0
34352,0.0,0.0
34353,0.0,0.0
34354,0.0,0.0
34355,0.0,0.0
34356,0.0,0.0
34357,0.0,0.0
34358,0.0,0.0
34359,0.0,0.0
34360,0.0,0.0
34361,0.0,0.0
34362,0.0,0.0
34363,0.0,0.0
34364,0.0,0.0
34365,0.0,0.0
34366,0.0,0.0
34367,0.0,0.0
34368,0.0,0.0
34369,0.0,0.0
34370,0.0,0.0
34371,0.0,0.0
34372,0.0,0.0
34373,0.0,0.0
34374,0.0,0.0
34375,0.0,0.0
34376,0.0,0.0
34377,0.0,0.0
34378,0.0,0.0
34379,0.0,0.0
34380,0.0,0.0
34381,0.0,0.0
34382,0.0,0.0
34383,0.0,0.0
34384,0.0,0.0
34385,0.0,0.0
34386,0.0,0.0
34387,0.0,0.0
34388,0.0,0.0
34389,0.0,0.0
34390,0.0,0.0
34391,0.0,0.0
34392,0.0,0.0
34393,0.0,0.0
34394,0.0,0.0
34395,0.0,0.0
34396,0.0,0.0
34397,0.0,0.0
34398,0.0,0.0
34399,0.0,0.0
34400,0.0,0.0
34401,0.0,0.0
34402,0.0,0.0
34403,0.0,0.0
34404,0.0,0.0
34405,0.0,0.0
34406,0.0,0.0
34407,0.0,0.0
34408,0.0,0.0
34409,0.0,0.0
34410,0.0,0.0
34411,0.0,0.0
34412,0.0,0.0
34413,0.0,0.0
34414,0.0,0.0
34415,0.0,0.0
34416,0.0,0.0
34417,0.0,0.0
34418,0.0,0.0
34419,0.0,0.0
34420,0.0,0.0
34421,0.0,0.0
34422,0.0,0.0
34423,0.0,0.0
34424,0.0,0.0
34425,0.0,0.0
34426,0.0,0.0
34427,0.0,0.0
34428,0.0,0.0
34429,0.0,0.0
34430,0.0,0.0
34431,0.0,0.0
34432,0.0,0.0
34433,0.0,0.0
34434,0.0,0.0
34435,0.0,0.0
34436,0.0,0.0
34437,0.0,0.0
34438,0.0,0.0
34439,0.0,0.0
34440,0.0,0.0
34441,0.0,0.0
34442,0.0,0.0
34443,0.0,0.0
34444,0.0,0.0
34445,0.0,0.0
34446,0.0,0.0
34447,0.0,0.0
34448,0.0,0.0
34449,0.0,0.0
34450,0.0,0.0
34451,0.0,0.0
34452,0.0,0.0
34453,0.0,0.0
34454,0.0,0.0
34455,0.0,0.0
34456,0.0,0.0
34457,0.0,0.0
34458,0.0,0.0
34459,0.0,0.0
34460,0.0,0.0
34461,0.0,0.0
34462,0.0,0.0
34463,0.0,0.0
34464,0.0,0.0
34465,0.0,0.0
34466,0.0,0.0
34467,0.0,0.0
34468,0.0,0.0
34469,0.0,0.0
34470,0.0,0.0
34471,0.0,0.0
34472,0.0,0.0
34473,0.0,0.0
34474,0.0,0.0
34475,0.0,0.0
34476,0.0,0.0
34477,0.0,0.0
34478,0.0,0.0
34479,0.0,0.0
34480,0.0,0.0
34481,0.0,0.0
34482,0.0,0.0
34483,0.0,0.0
34484,0.0,0.0
34485,0.0,0.0
34486,0.0,0.0
34487,0.0,0.0
34488,0.0,0.0
34489,0.0,0.0
34490,0.0,0.0
34491,0.0,0.0
34492,0.0,0.0
34493,0.0,0.0
34494,0.0,0.0
34495,0.0,0.0
34496,0.0,0.0
34497,0.0,0.0
34498,0.0,0.0
34499,0.0,0.0
34500,0.0,0.0
34501,0.0,0.0
34502,0.0,0.0
34503,0.0,0.0
34504,0.0,0.0
34505,0.0,0.0
34506,0.0,0.0
34507,0.0,0.0
34508,0.0,0.0
34509,0.0,0.0
34510,0.0,0.0
34511,0.0,0.0
34512,0.0,0.0
34513,0.0,0.0
34514,0.0,0.0
34515,0.0,0.0
34516,0.0,0.0
34517,0.0,0.0
34518,0.0,0.0
34519,0.0,0.0
34520,0.0,0.0
34521,0.0,0.0
34522,0.0,0.0
34523,0.0,0.0
34524,0.0,0.0
34525,0.0,0.0
34526,0.0,0.0
34527,0.0,0.0
34528,0.0,0.0
34529,0.0,0.0
34530,0.0,0.0
34531,0.0,0.0
34532,0.0,0.0
34533,0.0,0.0
34534,0.0,0.0
34535,0.0,0.0
34536,0.0,0.0
34537,0.0,0.0
34538,0.0,0.0
34539,0.0,0.0
34540,0.0,0.0
34541,0.0,0.0
34542,0.0,0.0
34543,0.0,0.0
34544,0.0,0.0
34545,0.0,0.0
34546,0.0,0.0
34547,0.0,0.0
34548,0.0,0.0
34549,0.0,0.0
34550,0.0,0.0
34551,0.0,0.0
34552,0.0,0.0
34553,0.0,0.0
34554,0.0,0.0
34555,0.0,0.0
34556,0.0,0.0
34557,0.0,0.0
34558,0.0,0.0
34559,0.0,0.0
34560,0.0,0.0
34561,0.0,0.0
34562,0.0,0.0
34563,0.0,0.0
34564,0.0,0.0
34565,0.0,0.0
34566,0.0,0.0
34567,0.0,0.0
34568,0.0,0.0
34569,0.0,0.0
34570,0.0,0.0
34571,0.0,0.0
34572,0.0,0.0
34573,0.0,0.0
34574,0.0,0.0
34575,0.0,0.0
34576,0.0,0.0
34577,0.0,0.0
34578,0.0,0.0
34579,0.0,0.0
34580,0.0,0.0
34581,0.0,0.0
34582,0.0,0.0
34583,0.0,0.0
34584,0.0,0.0
34585,0.0,0.0
34586,0.0,0.0
34587,0.0,0.0
34588,0.0,0.0
34589,0.0,0.0
34590,0.0,0.0
34591,0.0,0.0
34592,0.0,0.0
34593,0.0,0.0
34594,0.0,0.0
34595,0.0,0.0
34596,0.0,0.0
34597,0.0,0.0
34598,0.0,0.0
34599,0.0,0.0
34600,0.0,0.0
34601,0.0,0.0
34602,0.0,0.0
34603,0.0,0.0
34604,0.0,0.0
34605,0.0,0.0
34606,0.0,0.0
34607,0.0,0.0
34608,0.0,0.0
34609,0.0,0.0
34610,0.0,0.0
34611,0.0,0.0
34612,0.0,0.0
34613,0.0,0.0
34614,0.0,0.0
34615,0.0,0.0
34616,0.0,0.0
34617,0.0,0.0
34618,0.0,0.0
34619,0.0,0.0
34620,0.0,0.0
34621,0.0,0.0
34622,0.0,0.0
34623,0.0,0.0
34624,0.0,0.0
34625,0.0,0.0
34626,0.0,0.0
34627,0.0,0.0
34628,0.0,0.0
34629,0.0,0.0
34630,0.0,0.0
34631,0.0,0.0
34632,0.0,0.0
34633,0.0,0.0
34634,0.0,0.0
34635,0.0,0.0
34636,0.0,0.0
34637,0.0,0.0
34638,0.0,0.0
34639,0.0,0.0
34640,0.0,0.0
34641,0.0,0.0
34642,0.0,0.0
34643,0.0,0.0
34644,0.0,0.0
34645,0.0,0.0
34646,0.0,0.0
34647,0.0,0.0
34648,0.0,0.0
34649,0.0,0.0
34650,0.0,0.0
34651,0.0,0.0
34652,0.0,0.0
34653,0.0,0.0
34654,0.0,0.0
34655,0.0,0.0
34656,0.0,0.0
34657,0.0,0.0
34658,0.0,0.0
34659,0.0,0.0
34660,0.0,0.0
34661,0.0,0.0
34662,0.0,0.0
34663,0.0,0.0
34664,0.0,0.0
34665,0.0,0.0
34666,0.0,0.0
34667,0.0,0.0
34668,0.0,0.0
34669,0.0,0.0
34670,0.0,0.0
34671,0.0,0.0
34672,0.0,0.0
34673,0.0,0.0
34674,0.0,0.0
34675,0.0,0.0
34676,0.0,0.0
34677,0.0,0.0
34678,0.0,0.0
34679,0.0,0.0
34680,0.0,0.0
34681,0.0,0.0
34682,0.0,0.0
34683,0.0,0.0
34684,0.0,0.0
34685,0.0,0.0
34686,0.0,0.0
34687,0.0,0.0
34688,0.0,0.0
34689,0.0,0.0
34690,0.0,0.0
34691,0.0,0.0
34692,0.0,0.0
34693,0.0,0.0
34694,0.0,0.0
34695,0.0,0.0
34696,0.0,0.0
34697,0.0,0.0
34698,0.0,0.0
34699,0.0,0.0
34700,0.0,0.0
34701,0.0,0.0
34702,0.0,0.0
34703,0.0,0.0
34704,0.0,0.0
34705,0.0,0.0
34706,0.0,0.0
34707,0.0,0.0
34708,0.0,0.0
34709,0.0,0.0
34710,0.0,0.0
34711,0.0,0.0
34712,0.0,0.0
34713,0.0,0.0
34714,0.0,0.0
34715,0.0,0.0
34716,0.0,0.0
34717,0.0,0.0
34718,0.0,0.0
34719,0.0,0.0
34720,0.0,0.0
34721,0.0,0.0
34722,0.0,0.0
34723,0.0,0.0
34724,0.0,0.0
34725,0.0,0.0
34726,0.0,0.0
34727,0.0,0.0
34728,0.0,0.0
34729,0.0,0.0
34730,0.0,0.0
34731,0.0,0.0
34732,0.0,0.0
34733,0.0,0.0
34734,0.0,0.0
34735,0.0,0.0
34736,0.0,0.0
34737,0.0,0.0
34738,0.0,0.0
34739,0.0,0.0
34740,0.0,0.0
34741,0.0,0.0
34742,0.0,0.0
34743,0.0,0.0
34744,0.0,0.0
34745,0.0,0.0
34746,0.0,0.0
34747,0.0,0.0
34748,0.0,0.0
34749,0.0,0.0
34750,0.0,0.0
34751,0.0,0.0
34752,0.0,0.0
34753,0.0,0.0
34754,0.0,0.0
34755,0.0,0.0
34756,0.0,0.0
34757,0.0,0.0
34758,0.0,0.0
34759,0.0,0.0
34760,0.0,0.0
34761,0.0,0.0
34762,0.0,0.0
34763,0.0,0.0
34764,0.0,0.0
34765,0.0,0.0
34766,0.0,0.0
34767,0.0,0.0
34768,0.0,0.0
34769,0.0,0.0
34770,0.0,0.0
34771,0.0,0.0
34772,0.0,0.0
34773,0.0,0.0
34774,0.0,0.0
34775,0.0,0.0
34776,0.0,0.0
34777,0.0,0.0
34778,0.0,0.0
34779,0.0,0.0
34780,0.0,0.0
34781,0.0,0.0
34782,0.0,0.0
34783,0.0,0.0
34784,0.0,0.0
34785,0.0,0.0
34786,0.0,0.0
34787,0.0,0.0
34788,0.0,0.0
34789,0.0,0.0
34790,0.0,0.0
34791,0.0,0.0
34792,0.0,0.0
34793,0.0,0.0
34794,0.0,0.0
34795,0.0,0.0
34796,0.0,0.0
34797,0.0,0.0
34798,0.0,0.0
34799,0.0,0.0
34800,0.0,0.0
34801,0.0,0.0
34802,0.0,0.0
34803,0.0,0.0
34804,0.0,0.0
34805,0.0,0.0
34806,0.0,0.0
34807,0.0,0.0
34808,0.0,0.0
34809,0.0,0.0
34810,0.0,0.0
34811,0.0,0.0
34812,0.0,0.0
34813,0.0,0.0
34814,0.0,0.0
34815,0.0,0.0
34816,0.0,0.0
34817,0.0,0.0
34818,0.0,0.0
34819,0.0,0.0
34820,0.0,0.0
34821,0.0,0.0
34822,0.0,0.0
34823,0.0,0.0
34824,0.0,0.0
34825,0.0,0.0
34826,0.0,0.0
34827,0.0,0.0
34828,0.0,0.0
34829,0.0,0.0
34830,0.0,0.0
34831,0.0,0.0
34832,0.0,0.0
34833,0.0,0.0
34834,0.0,0.0
34835,0.0,0.0
34836,0.0,0.0
34837,0.0,0.0
34838,0.0,0.0
34839,0.0,0.0
34840,0.0,0.0
34841,0.0,0.0
34842,0.0,0.0
34843,0.0,0.0
34844,0.0,0.0
34845,0.0,0.0
34846,0.0,0.0
34847,0.0,0.0
34848,0.0,0.0
34849,0.0,0.0
34850,0.0,0.0
34851,0.0,0.0
34852,0.0,0.0
34853,0.0,0.0
34854,0.0,0.0
34855,0.0,0.0
34856,0.0,0.0
34857,0.0,0.0
34858,0.0,0.0
34859,0.0,0.0
34860,0.0,0.0
34861,0.0,0.0
34862,0.0,0.0
34863,0.0,0.0
34864,0.0,0.0
34865,0.0,0.0
34866,0.0,0.0
34867,0.0,0.0
34868,0.0,0.0
34869,0.0,0.0
34870,0.0,0.0
34871,0.0,0.0
34872,0.0,0.0
34873,0.0,0.0
34874,0.0,0.0
34875,0.0,0.0
34876,0.0,0.0
34877,0.0,0.0
34878,0.0,0.0
34879,0.0,0.0
34880,0.0,0.0
34881,0.0,0.0
34882,0.0,0.0
34883,0.0,0.0
34884,0.0,0.0
34885,0.0,0.0
34886,0.0,0.0
34887,0.0,0.0
34888,0.0,0.0
34889,0.0,0.0
34890,0.0,0.0
34891,0.0,0.0
34892,0.0,0.0
34893,0.0,0.0
34894,0.0,0.0
34895,0.0,0.0
34896,0.0,0.0
34897,0.0,0.0
34898,0.0,0.0
34899,0.0,0.0
34900,0.0,0.0
34901,0.0,0.0
34902,0.0,0.0
34903,0.0,0.0
34904,0.0,0.0
34905,0.0,0.0
34906,0.0,0.0
34907,0.0,0.0
34908,0.0,0.0
34909,0.0,0.0
34910,0.0,0.0
34911,0.0,0.0
34912,0.0,0.0
34913,0.0,0.0
34914,0.0,0.0
34915,0.0,0.0
34916,0.0,0.0
34917,0.0,0.0
34918,0.0,0.0
34919,0.0,0.0
34920,0.0,0.0
34921,0.0,0.0
34922,0.0,0.0
34923,0.0,0.0
34924,0.0,0.0
34925,0.0,0.0
34926,0.0,0.0
34927,0.0,0.0
34928,0.0,0.0
34929,0.0,0.0
34930,0.0,0.0
34931,0.0,0.0
34932,0.0,0.0
34933,0.0,0.0
34934,0.0,0.0
34935,0.0,0.0
34936,0.0,0.0
34937,0.0,0.0
34938,0.0,0.0
34939,0.0,0.0
34940,0.0,0.0
34941,0.0,0.0
34942,0.0,0.0
34943,0.0,0.0
34944,0.0,0.0
34945,0.0,0.0
34946,0.0,0.0
34947,0.0,0.0
34948,0.0,0.0
34949,0.0,0.0
34950,0.0,0.0
34951,0.0,0.0
34952,0.0,0.0
34953,0.0,0.0
34954,0.0,0.0
34955,0.0,0.0
34956,0.0,0.0
34957,0.0,0.0
34958,0.0,0.0
34959,0.0,0.0
34960,0.0,0.0
34961,0.0,0.0
34962,0.0,0.0
34963,0.0,0.0
34964,0.0,0.0
34965,0.0,0.0
34966,0.0,0.0
34967,0.0,0.0
34968,0.0,0.0
34969,0.0,0.0
34970,0.0,0.0
34971,0.0,0.0
34972,0.0,0.0
34973,0.0,0.0
34974,0.0,0.0
34975,0.0,0.0
34976,0.0,0.0
34977,0.0,0.0
34978,0.0,0.0
34979,0.0,0.0
34980,0.0,0.0
34981,0.0,0.0
34982,0.0,0.0
34983,0.0,0.0
34984,0.0,0.0
34985,0.0,0.0
34986,0.0,0.0
34987,0.0,0.0
34988,0.0,0.0
34989,0.0,0.0
34990,0.0,0.0
34991,0.0,0.0
34992,0.0,0.0
34993,0.0,0.0
34994,0.0,0.0
34995,0.0,0.0
34996,0.0,0.0
34997,0.0,0.0
34998,0.0,0.0
34999,0.0,0.0
35000,0.0,0.0
35001,0.0,0.0
35002,0.0,0.0
35003,0.0,0.0
35004,0.0,0.0
35005,0.0,0.0
35006,0.0,0.0
35007,0.0,0.0
35008,0.0,0.0
35009,0.0,0.0
35010,0.0,0.0
35011,0.0,0.0
35012,0.0,0.0
35013,0.0,0.0
35014,0.0,0.0
35015,0.0,0.0
35016,0.0,0.0
35017,0.0,0.0
35018,0.0,0.0
35019,0.0,0.0
35020,0.0,0.0
35021,0.0,0.0
35022,0.0,0.0
35023,0.0,0.0
35024,0.0,0.0
35025,0.0,0.0
35026,0.0,0.0
35027,0.0,0.0
35028,0.0,0.0
35029,0.0,0.0
35030,0.0,0.0
35031,0.0,0.0
35032,0.0,0.0
35033,0.0,0.0
35034,0.0,0.0
35035,0.0,0.0
35036,0.0,0.0
35037,0.0,0.0
35038,0.0,0.0
35039,0.0,0.0
35040,0.0,0.0
35041,0.0,0.0
35042,0.0,0.0
35043,0.0,0.0
35044,0.0,0.0
35045,0.0,0.0
35046,0.0,0.0
35047,0.0,0.0
35048,0.0,0.0
35049,0.0,0.0
35050,0.0,0.0
35051,0.0,0.0
35052,0.0,0.0
35053,0.0,0.0
35054,0.0,0.0
35055,0.0,0.0
35056,0.0,0.0
35057,0.0,0.0
35058,0.0,0.0
35059,0.0,0.0
35060,0.0,0.0
35061,0.0,0.0
35062,0.0,0.0
35063,0.0,0.0
35064,0.0,0.0
35065,0.0,0.0
35066,0.0,0.0
35067,0.0,0.0
35068,0.0,0.0
35069,0.0,0.0
35070,0.0,0.0
35071,0.0,0.0
35072,0.0,0.0
35073,0.0,0.0
35074,0.0,0.0
35075,0.0,0.0
35076,0.0,0.0
35077,0.0,0.0
35078,0.0,0.0
35079,0.0,0.0
35080,0.0,0.0
35081,0.0,0.0
35082,0.0,0.0
35083,0.0,0.0
35084,0.0,0.0
35085,0.0,0.0
35086,0.0,0.0
35087,0.0,0.0
35088,0.0,0.0
35089,0.0,0.0
35090,0.0,0.0
35091,0.0,0.0
35092,0.0,0.0
35093,0.0,0.0
35094,0.0,0.0
35095,0.0,0.0
35096,0.0,0.0
35097,0.0,0.0
35098,0.0,0.0
35099,0.0,0.0
35100,0.0,0.0
35101,0.0,0.0
35102,0.0,0.0
35103,0.0,0.0
35104,0.0,0.0
35105,0.0,0.0
35106,0.0,0.0
35107,0.0,0.0
35108,0.0,0.0
35109,0.0,0.0
35110,0.0,0.0
35111,0.0,0.0
35112,0.0,0.0
35113,0.0,0.0
35114,0.0,0.0
35115,0.0,0.0
35116,0.0,0.0
35117,0.0,0.0
35118,0.0,0.0
35119,0.0,0.0
35120,0.0,0.0
35121,0.0,0.0
35122,0.0,0.0
35123,0.0,0.0
35124,0.0,0.0
35125,0.0,0.0
35126,0.0,0.0
35127,0.0,0.0
35128,0.0,0.0
35129,0.0,0.0
35130,0.0,0.0
35131,0.0,0.0
35132,0.0,0.0
35133,0.0,0.0
35134,0.0,0.0
35135,0.0,0.0
35136,0.0,0.0
35137,0.0,0.0
35138,0.0,0.0
35139,0.0,0.0
35140,0.0,0.0
35141,0.0,0.0
35142,0.0,0.0
35143,0.0,0.0
35144,0.0,0.0
35145,0.0,0.0
35146,0.0,0.0
35147,0.0,0.0
35148,0.0,0.0
35149,0.0,0.0
35150,0.0,0.0
35151,0.0,0.0
35152,0.0,0.0
35153,0.0,0.0
35154,0.0,0.0
35155,0.0,0.0
35156,0.0,0.0
35157,0.0,0.0
35158,0.0,0.0
35159,0.0,0.0
35160,0.0,0.0
35161,0.0,0.0
35162,0.0,0.0
35163,0.0,0.0
35164,0.0,0.0
35165,0.0,0.0
35166,0.0,0.0
35167,0.0,0.0
35168,0.0,0.0
35169,0.0,0.0
35170,0.0,0.0
35171,0.0,0.0
35172,0.0,0.0
35173,0.0,0.0
35174,0.0,0.0
35175,0.0,0.0
35176,0.0,0.0
35177,0.0,0.0
35178,0.0,0.0
35179,0.0,0.0
35180,0.0,0.0
35181,0.0,0.0
35182,0.0,0.0
35183,0.0,0.0
35184,0.0,0.0
35185,0.0,0.0
35186,0.0,0.0
35187,0.0,0.0
35188,0.0,0.0
35189,0.0,0.0
35190,0.0,0.0
35191,0.0,0.0
35192,0.0,0.0
35193,0.0,0.0
35194,0.0,0.0
35195,0.0,0.0
35196,0.0,0.0
35197,0.0,0.0
35198,0.0,0.0
35199,0.0,0.0
35200,0.0,0.0
35201,0.0,0.0
35202,0.0,0.0
35203,0.0,0.0
35204,0.0,0.0
35205,0.0,0.0
35206,0.0,0.0
35207,0.0,0.0
35208,0.0,0.0
35209,0.0,0.0
35210,0.0,0.0
35211,0.0,0.0
35212,0.0,0.0
35213,0.0,0.0
35214,0.0,0.0
35215,0.0,0.0
35216,0.0,0.0
35217,0.0,0.0
35218,0.0,0.0
35219,0.0,0.0
35220,0.0,0.0
35221,0.0,0.0
35222,0.0,0.0
35223,0.0,0.0
35224,0.0,0.0
35225,0.0,0.0
35226,0.0,0.0
35227,0.0,0.0
35228,0.0,0.0
35229,0.0,0.0
35230,0.0,0.0
35231,0.0,0.0
35232,0.0,0.0
35233,0.0,0.0
35234,0.0,0.0
35235,0.0,0.0
35236,0.0,0.0
35237,0.0,0.0
35238,0.0,0.0
35239,0.0,0.0
35240,0.0,0.0
35241,0.0,0.0
35242,0.0,0.0
35243,0.0,0.0
35244,0.0,0.0
35245,0.0,0.0
35246,0.0,0.0
35247,0.0,0.0
35248,0.0,0.0
35249,0.0,0.0
35250,0.0,0.0
35251,0.0,0.0
35252,0.0,0.0
35253,0.0,0.0
35254,0.0,0.0
35255,0.0,0.0
35256,0.0,0.0
35257,0.0,0.0
35258,0.0,0.0
35259,0.0,0.0
35260,0.0,0.0
35261,0.0,0.0
35262,0.0,0.0
35263,0.0,0.0
35264,0.0,0.0
35265,0.0,0.0
35266,0.0,0.0
35267,0.0,0.0
35268,0.0,0.0
35269,0.0,0.0
35270,0.0,0.0
35271,0.0,0.0
35272,0.0,0.0
35273,0.0,0.0
35274,0.0,0.0
35275,0.0,0.0
35276,0.0,0.0
35277,0.0,0.0
35278,0.0,0.0
35279,0.0,0.0
35280,0.0,0.0
35281,0.0,0.0
35282,0.0,0.0
35283,0.0,0.0
35284,0.0,0.0
35285,0.0,0.0
35286,0.0,0.0
35287,0.0,0.0
35288,0.0,0.0
35289,0.0,0.0
35290,0.0,0.0
35291,0.0,0.0
35292,0.0,0.0
35293,0.0,0.0
35294,0.0,0.0
35295,0.0,0.0
35296,0.0,0.0
35297,0.0,0.0
35298,0.0,0.0
35299,0.0,0.0
35300,0.0,0.0
35301,0.0,0.0
35302,0.0,0.0
35303,0.0,0.0
35304,0.0,0.0
35305,0.0,0.0
35306,0.0,0.0
35307,0.0,0.0
35308,0.0,0.0
35309,0.0,0.0
35310,0.0,0.0
35311,0.0,0.0
35312,0.0,0.0
35313,0.0,0.0
35314,0.0,0.0
35315,0.0,0.0
35316,0.0,0.0
35317,0.0,0.0
35318,0.0,0.0
35319,0.0,0.0
35320,0.0,0.0
35321,0.0,0.0
35322,0.0,0.0
35323,0.0,0.0
35324,0.0,0.0
35325,0.0,0.0
35326,0.0,0.0
35327,0.0,0.0
35328,0.0,0.0
35329,0.0,0.0
35330,0.0,0.0
35331,0.0,0.0
35332,0.0,0.0
35333,0.0,0.0
35334,0.0,0.0
35335,0.0,0.0
35336,0.0,0.0
35337,0.0,0.0
35338,0.0,0.0
35339,0.0,0.0
35340,0.0,0.0
35341,0.0,0.0
35342,0.0,0.0
35343,0.0,0.0
35344,0.0,0.0
35345,0.0,0.0
35346,0.0,0.0
35347,0.0,0.0
35348,0.0,0.0
35349,0.0,0.0
35350,0.0,0.0
35351,0.0,0.0
35352,0.0,0.0
35353,0.0,0.0
35354,0.0,0.0
35355,0.0,0.0
35356,0.0,0.0
35357,0.0,0.0
35358,0.0,0.0
35359,0.0,0.0
35360,0.0,0.0
35361,0.0,0.0
35362,0.0,0.0
35363,0.0,0.0
35364,0.0,0.0
35365,0.0,0.0
35366,0.0,0.0
35367,0.0,0.0
35368,0.0,0.0
35369,0.0,0.0
35370,0.0,0.0
35371,0.0,0.0
35372,0.0,0.0
35373,0.0,0.0
35374,0.0,0.0
35375,0.0,0.0
35376,0.0,0.0
35377,0.0,0.0
35378,0.0,0.0
35379,0.0,0.0
35380,0.0,0.0
35381,0.0,0.0
35382,0.0,0.0
35383,0.0,0.0
35384,0.0,0.0
35385,0.0,0.0
35386,0.0,0.0
35387,0.0,0.0
35388,0.0,0.0
35389,0.0,0.0
35390,0.0,0.0
35391,0.0,0.0
35392,0.0,0.0
35393,0.0,0.0
35394,0.0,0.0
35395,0.0,0.0
35396,0.0,0.0
35397,0.0,0.0
35398,0.0,0.0
35399,0.0,0.0
35400,0.0,0.0
35401,0.0,0.0
35402,0.0,0.0
35403,0.0,0.0
35404,0.0,0.0
35405,0.0,0.0
35406,0.0,0.0
35407,0.0,0.0
35408,0.0,0.0
35409,0.0,0.0
35410,0.0,0.0
35411,0.0,0.0
35412,0.0,0.0
35413,0.0,0.0
35414,0.0,0.0
35415,0.0,0.0
35416,0.0,0.0
35417,0.0,0.0
35418,0.0,0.0
35419,0.0,0.0
35420,0.0,0.0
35421,0.0,0.0
35422,0.0,0.0
35423,0.0,0.0
35424,0.0,0.0
35425,0.0,0.0
35426,0.0,0.0
35427,0.0,0.0
35428,0.0,0.0
35429,0.0,0.0
35430,0.0,0.0
35431,0.0,0.0
35432,0.0,0.0
35433,0.0,0.0
35434,0.0,0.0
35435,0.0,0.0
35436,0.0,0.0
35437,0.0,0.0
35438,0.0,0.0
35439,0.0,0.0
35440,0.0,0.0
35441,0.0,0.0
35442,0.0,0.0
35443,0.0,0.0
35444,0.0,0.0
35445,0.0,0.0
35446,0.0,0.0
35447,0.0,0.0
35448,0.0,0.0
35449,0.0,0.0
35450,0.0,0.0
35451,0.0,0.0
35452,0.0,0.0
35453,0.0,0.0
35454,0.0,0.0
35455,0.0,0.0
35456,0.0,0.0
35457,0.0,0.0
35458,0.0,0.0
35459,0.0,0.0
35460,0.0,0.0
35461,0.0,0.0
35462,0.0,0.0
35463,0.0,0.0
35464,0.0,0.0
35465,0.0,0.0
35466,0.0,0.0
35467,0.0,0.0
35468,0.0,0.0
35469,0.0,0.0
35470,0.0,0.0
35471,0.0,0.0
35472,0.0,0.0
35473,0.0,0.0
35474,0.0,0.0
35475,0.0,0.0
35476,0.0,0.0
35477,0.0,0.0
35478,0.0,0.0
35479,0.0,0.0
35480,0.0,0.0
35481,0.0,0.0
35482,0.0,0.0
35483,0.0,0.0
35484,0.0,0.0
35485,0.0,0.0
35486,0.0,0.0
35487,0.0,0.0
35488,0.0,0.0
35489,0.0,0.0
35490,0.0,0.0
35491,0.0,0.0
35492,0.0,0.0
35493,0.0,0.0
35494,0.0,0.0
35495,0.0,0.0
35496,0.0,0.0
35497,0.0,0.0
35498,0.0,0.0
35499,0.0,0.0
35500,0.0,0.0
35501,0.0,0.0
35502,0.0,0.0
35503,0.0,0.0
35504,0.0,0.0
35505,0.0,0.0
35506,0.0,0.0
35507,0.0,0.0
35508,0.0,0.0
35509,0.0,0.0
35510,0.0,0.0
35511,0.0,0.0
35512,0.0,0.0
35513,0.0,0.0
35514,0.0,0.0
35515,0.0,0.0
35516,0.0,0.0
35517,0.0,0.0
35518,0.0,0.0
35519,0.0,0.0
35520,0.0,0.0
35521,0.0,0.0
35522,0.0,0.0
35523,0.0,0.0
35524,0.0,0.0
35525,0.0,0.0
35526,0.0,0.0
35527,0.0,0.0
35528,0.0,0.0
35529,0.0,0.0
35530,0.0,0.0
35531,0.0,0.0
35532,0.0,0.0
35533,0.0,0.0
35534,0.0,0.0
35535,0.0,0.0
35536,0.0,0.0
35537,0.0,0.0
35538,0.0,0.0
35539,0.0,0.0
35540,0.0,0.0
35541,0.0,0.0
35542,0.0,0.0
35543,0.0,0.0
35544,0.0,0.0
35545,0.0,0.0
35546,0.0,0.0
35547,0.0,0.0
35548,0.0,0.0
35549,0.0,0.0
35550,0.0,0.0
35551,0.0,0.0
35552,0.0,0.0
35553,0.0,0.0
35554,0.0,0.0
35555,0.0,0.0
35556,0.0,0.0
35557,0.0,0.0
35558,0.0,0.0
35559,0.0,0.0
35560,0.0,0.0
35561,0.0,0.0
35562,0.0,0.0
35563,0.0,0.0
35564,0.0,0.0
35565,0.0,0.0
35566,0.0,0.0
35567,0.0,0.0
35568,0.0,0.0
35569,0.0,0.0
35570,0.0,0.0
35571,0.0,0.0
35572,0.0,0.0
35573,0.0,0.0
35574,0.0,0.0
35575,0.0,0.0
35576,0.0,0.0
35577,0.0,0.0
35578,0.0,0.0
35579,0.0,0.0
35580,0.0,0.0
35581,0.0,0.0
35582,0.0,0.0
35583,0.0,0.0
35584,0.0,0.0
35585,0.0,0.0
35586,0.0,0.0
35587,0.0,0.0
35588,0.0,0.0
35589,0.0,0.0
35590,0.0,0.0
35591,0.0,0.0
35592,0.0,0.0
35593,0.0,0.0
35594,0.0,0.0
35595,0.0,0.0
35596,0.0,0.0
35597,0.0,0.0
35598,0.0,0.0
35599,0.0,0.0
35600,0.0,0.0
35601,0.0,0.0
35602,0.0,0.0
35603,0.0,0.0
35604,0.0,0.0
35605,0.0,0.0
35606,0.0,0.0
35607,0.0,0.0
35608,0.0,0.0
35609,0.0,0.0
35610,0.0,0.0
35611,0.0,0.0
35612,0.0,0.0
35613,0.0,0.0
35614,0.0,0.0
35615,0.0,0.0
35616,0.0,0.0
35617,0.0,0.0
35618,0.0,0.0
35619,0.0,0.0
35620,0.0,0.0
35621,0.0,0.0
35622,0.0,0.0
35623,0.0,0.0
35624,0.0,0.0
35625,0.0,0.0
35626,0.0,0.0
35627,0.0,0.0
35628,0.0,0.0
35629,0.0,0.0
35630,0.0,0.0
35631,0.0,0.0
35632,0.0,0.0
35633,0.0,0.0
35634,0.0,0.0
35635,0.0,0.0
35636,0.0,0.0
35637,0.0,0.0
35638,0.0,0.0
35639,0.0,0.0
35640,0.0,0.0
35641,0.0,0.0
35642,0.0,0.0
35643,0.0,0.0
35644,0.0,0.0
35645,0.0,0.0
35646,0.0,0.0
35647,0.0,0.0
35648,0.0,0.0
35649,0.0,0.0
35650,0.0,0.0
35651,0.0,0.0
35652,0.0,0.0
35653,0.0,0.0
35654,0.0,0.0
35655,0.0,0.0
35656,0.0,0.0
35657,0.0,0.0
35658,0.0,0.0
35659,0.0,0.0
35660,0.0,0.0
35661,0.0,0.0
35662,0.0,0.0
35663,0.0,0.0
35664,0.0,0.0
35665,0.0,0.0
35666,0.0,0.0
35667,0.0,0.0
35668,0.0,0.0
35669,0.0,0.0
35670,0.0,0.0
35671,0.0,0.0
35672,0.0,0.0
35673,0.0,0.0
35674,0.0,0.0
35675,0.0,0.0
35676,0.0,0.0
35677,0.0,0.0
35678,0.0,0.0
35679,0.0,0.0
35680,0.0,0.0
35681,0.0,0.0
35682,0.0,0.0
35683,0.0,0.0
35684,0.0,0.0
35685,0.0,0.0
35686,0.0,0.0
35687,0.0,0.0
35688,0.0,0.0
35689,0.0,0.0
35690,0.0,0.0
35691,0.0,0.0
35692,0.0,0.0
35693,0.0,0.0
35694,0.0,0.0
35695,0.0,0.0
35696,0.0,0.0
35697,0.0,0.0
35698,0.0,0.0
35699,0.0,0.0
35700,0.0,0.0
35701,0.0,0.0
35702,0.0,0.0
35703,0.0,0.0
35704,0.0,0.0
35705,0.0,0.0
35706,0.0,0.0
35707,0.0,0.0
35708,0.0,0.0
35709,0.0,0.0
35710,0.0,0.0
35711,0.0,0.0
35712,0.0,0.0
35713,0.0,0.0
35714,0.0,0.0
35715,0.0,0.0
35716,0.0,0.0
35717,0.0,0.0
35718,0.0,0.0
35719,0.0,0.0
35720,0.0,0.0
35721,0.0,0.0
35722,0.0,0.0
35723,0.0,0.0
35724,0.0,0.0
35725,0.0,0.0
35726,0.0,0.0
35727,0.0,0.0
35728,0.0,0.0
35729,0.0,0.0
35730,0.0,0.0
35731,0.0,0.0
35732,0.0,0.0
35733,0.0,0.0
35734,0.0,0.0
35735,0.0,0.0
35736,0.0,0.0
35737,0.0,0.0
35738,0.0,0.0
35739,0.0,0.0
35740,0.0,0.0
35741,0.0,0.0
35742,0.0,0.0
35743,0.0,0.0
35744,0.0,0.0
35745,0.0,0.0
35746,0.0,0.0
35747,0.0,0.0
35748,0.0,0.0
35749,0.0,0.0
35750,0.0,0.0
35751,0.0,0.0
35752,0.0,0.0
35753,0.0,0.0
35754,0.0,0.0
35755,0.0,0.0
35756,0.0,0.0
35757,0.0,0.0
35758,0.0,0.0
35759,0.0,0.0
35760,0.0,0.0
35761,0.0,0.0
35762,0.0,0.0
35763,0.0,0.0
35764,0.0,0.0
35765,0.0,0.0
35766,0.0,0.0
35767,0.0,0.0
35768,0.0,0.0
35769,0.0,0.0
35770,0.0,0.0
35771,0.0,0.0
35772,0.0,0.0
35773,0.0,0.0
35774,0.0,0.0
35775,0.0,0.0
35776,0.0,0.0
35777,0.0,0.0
35778,0.0,0.0
35779,0.0,0.0
35780,0.0,0.0
35781,0.0,0.0
35782,0.0,0.0
35783,0.0,0.0
35784,0.0,0.0
35785,0.0,0.0
35786,0.0,0.0
35787,0.0,0.0
35788,0.0,0.0
35789,0.0,0.0
35790,0.0,0.0
35791,0.0,0.0
35792,0.0,0.0
35793,0.0,0.0
35794,0.0,0.0
35795,0.0,0.0
35796,0.0,0.0
35797,0.0,0.0
35798,0.0,0.0
35799,0.0,0.0
35800,0.0,0.0
35801,0.0,0.0
35802,0.0,0.0
35803,0.0,0.0
35804,0.0,0.0
35805,0.0,0.0
35806,0.0,0.0
35807,0.0,0.0
35808,0.0,0.0
35809,0.0,0.0
35810,0.0,0.0
35811,0.0,0.0
35812,0.0,0.0
35813,0.0,0.0
35814,0.0,0.0
35815,0.0,0.0
35816,0.0,0.0
35817,0.0,0.0
35818,0.0,0.0
35819,0.0,0.0
35820,0.0,0.0
35821,0.0,0.0
35822,0.0,0.0
35823,0.0,0.0
35824,0.0,0.0
35825,0.0,0.0
35826,0.0,0.0
35827,0.0,0.0
35828,0.0,0.0
35829,0.0,0.0
35830,0.0,0.0
35831,0.0,0.0
35832,0.0,0.0
35833,0.0,0.0
35834,0.0,0.0
35835,0.0,0.0
35836,0.0,0.0
35837,0.0,0.0
35838,0.0,0.0
35839,0.0,0.0
35840,0.0,0.0
35841,0.0,0.0
35842,0.0,0.0
35843,0.0,0.0
35844,0.0,0.0
35845,0.0,0.0
35846,0.0,0.0
35847,0.0,0.0
35848,0.0,0.0
35849,0.0,0.0
35850,0.0,0.0
35851,0.0,0.0
35852,0.0,0.0
35853,0.0,0.0
35854,0.0,0.0
35855,0.0,0.0
35856,0.0,0.0
35857,4.725318908691406,2.466087818145752
35858,0.0,0.0
35859,0.0,0.0
35860,0.0,0.0
35861,0.0,0.0
35862,0.0,0.0
35863,0.0,0.0
35864,0.0,0.0
35865,0.0,0.0
35866,0.0,0.0
35867,0.0,0.0
35868,0.0,0.0
35869,0.0,0.0
35870,0.0,0.0
35871,0.0,0.0
35872,0.0,0.0
35873,0.0,0.0
35874,0.0,0.0
35875,0.0,0.0
35876,0.0,0.0
35877,0.0,0.0
35878,0.0,0.0
35879,0.0,0.0
35880,4.644252777099609,2.664806365966797
35881,0.0,0.0
35882,0.0,0.0
35883,0.0,0.0
35884,0.0,0.0
35885,0.0,0.0
35886,0.0,0.0
35887,0.0,0.0
35888,0.0,0.0
35889,0.0,0.0
35890,0.0,0.0
35891,0.0,0.0
35892,0.0,0.0
35893,0.0,0.0
35894,0.0,0.0
35895,0.0,0.0
35896,0.0,0.0
35897,0.0,0.0
35898,0.0,0.0
35899,0.0,0.0
35900,0.0,0.0
35901,0.0,0.0
35902,0.0,0.0
35903,4.8777666091918945,2.6779253482818604
35904,0.0,0.0
35905,0.0,0.0
35906,0.0,0.0
35907,0.0,0.0
35908,0.0,0.0
35909,0.0,0.0
35910,0.0,0.0
35911,0.0,0.0
35912,0.0,0.0
35913,0.0,0.0
35914,0.0,0.0
35915,0.0,0.0
35916,0.0,0.0
35917,0.0,0.0
35918,0.0,0.0
35919,0.0,0.0
35920,0.0,0.0
35921,0.0,0.0
35922,0.0,0.0
35923,0.0,0.0
35924,0.0,0.0
35925,0.0,0.0
35926,4.892617225646973,2.658128261566162
35927,0.0,0.0
35928,0.0,0.0
35929,0.0,0.0
35930,0.0,0.0
35931,0.0,0.0
35932,0.0,0.0
35933,0.0,0.0
35934,0.0,0.0
35935,0.0,0.0
35936,0.0,0.0
35937,0.0,0.0
35938,0.0,0.0
35939,0.0,0.0
35940,0.0,0.0
35941,0.0,0.0
35942,0.0,0.0
35943,0.0,0.0
35944,0.0,0.0
35945,0.0,0.0
35946,0.0,0.0
35947,0.0,0.0
35948,0.0,0.0
35949,4.736101150512695,2.586815595626831
155636,0.0,0.0
155637,0.0,0.0
155638,0.0,0.0
155639,0.0,0.0
155640,0.0,0.0
155641,0.0,0.0
155642,0.0,0.0
155643,0.0,0.0
155644,0.0,0.0
155645,0.0,0.0
155646,0.0,0.0
155647,0.0,0.0
155648,0.0,0.0
155649,0.0,0.0
155650,0.0,0.0
155651,0.0,0.0
155652,0.0,0.0
155653,0.0,0.0
155654,0.0,0.0
155655,0.0,0.0
155656,0.0,0.0
155657,0.0,0.0
155658,0.0,0.0
155659,0.0,0.0
155660,0.0,0.0
155661,0.0,0.0
155662,0.0,0.0
155663,0.0,0.0
155664,0.0,0.0
155665,0.0,0.0
155666,0.0,0.0
155667,0.0,0.0
155668,0.0,0.0
155669,0.0,0.0
155670,0.0,0.0
155671,0.0,0.0
155672,0.0,0.0
155673,0.0,0.0
155674,0.0,0.0
155675,0.0,0.0
155676,0.0,0.0
155677,0.0,0.0
155678,0.0,0.0
155679,0.0,0.0
155680,0.0,0.0
155681,0.0,0.0
155682,0.0,0.0
155683,0.0,0.0
155684,0.0,0.0
155685,0.0,0.0
155686,0.0,0.0
155687,0.0,0.0
155688,0.0,0.0
155689,0.0,0.0
155690,0.0,0.0
155691,0.0,0.0
155692,0.0,0.0
155693,0.0,0.0
155694,0.0,0.0
155695,0.0,0.0
155696,0.0,0.0
155697,0.0,0.0
155698,0.0,0.0
155699,0.0,0.0
155700,0.0,0.0
155701,0.0,0.0
155702,0.0,0.0
155703,0.0,0.0
155704,0.0,0.0
155705,0.0,0.0
155706,0.0,0.0
155707,0.0,0.0
155708,0.0,0.0
155709,0.0,0.0
155710,0.0,0.0
155711,0.0,0.0
155712,0.0,0.0
155713,0.0,0.0
155714,0.0,0.0
155715,0.0,0.0
155716,0.0,0.0
155717,0.0,0.0
155718,0.0,0.0
155719,0.0,0.0
155720,0.0,0.0
155721,0.0,0.0
155722,0.0,0.0
155723,0.0,0.0
155724,0.0,0.0
155725,0.0,0.0
155726,0.0,0.0
155727,0.0,0.0
155728,0.0,0.0
155729,0.0,0.0
155730,0.0,0.0
155731,0.0,0.0
155732,0.0,0.0
155733,0.0,0.0
155734,0.0,0.0
155735,0.0,0.0
155736,0.0,0.0
155737,0.0,0.0
155738,0.0,0.0
155739,0.0,0.0
155740,0.0,0.0
155741,0.0,0.0
155742,0.0,0.0
155743,0.0,0.0
155744,0.0,0.0
155745,0.0,0.0
155746,0.0,0.0
155747,0.0,0.0
155748,0.0,0.0
155749,0.0,0.0
155750,0.0,0.0
155751,0.0,0.0
155752,0.0,0.0
155753,0.0,0.0
155754,0.0,0.0
155755,0.0,0.0
155756,0.0,0.0
155757,0.0,0.0
155758,0.0,0.0
155759,0.0,0.0
155760,0.0,0.0
155761,0.0,0.0
155762,0.0,0.0
155763,0.0,0.0
155764,0.0,0.0
155765,0.0,0.0
155766,0.0,0.0
155767,0.0,0.0
155768,0.0,0.0
155769,0.0,0.0
155770,0.0,0.0
155771,0.0,0.0
155772,0.0,0.0
155773,0.0,0.0
155774,0.0,0.0
155775,0.0,0.0
155776,0.0,0.0
155777,0.0,0.0
155778,0.0,0.0
155779,0.0,0.0
155780,0.0,0.0
155781,0.0,0.0
155782,0.0,0.0
155783,0.0,0.0
155784,0.0,0.0
155785,0.0,0.0
155786,0.0,0.0
155787,0.0,0.0
155788,0.0,0.0
155789,0.0,0.0
155790,0.0,0.0
155791,0.0,0.0
155792,0.0,0.0
155793,0.0,0.0
155794,0.0,0.0
155795,0.0,0.0
155796,0.0,0.0
155797,0.0,0.0
155798,0.0,0.0
155799,0.0,0.0
155800,0.0,0.0
155801,0.0,0.0
155802,0.0,0.0
155803,0.0,0.0
155804,0.0,0.0
155805,0.0,0.0
155806,0.0,0.0
155807,0.0,0.0
155808,0.0,0.0
155809,0.0,0.0
155810,0.0,0.0
155811,0.0,0.0
155812,0.0,0.0
155813,0.0,0.0
155814,0.0,0.0
155815,0.0,0.0
155816,0.0,0.0
155817,0.0,0.0
155818,0.0,0.0
155819,0.0,0.0
155820,0.0,0.0
155821,0.0,0.0
155822,0.0,0.0
155823,0.0,0.0
155824,0.0,0.0
155825,0.0,0.0
155826,0.0,0.0
155827,0.0,0.0
155828,0.0,0.0
155829,0.0,0.0
155830,0.0,0.0
155831,0.0,0.0
155832,0.0,0.0
155833,0.0,0.0
155834,0.0,0.0
155835,0.0,0.0
155836,0.0,0.0
155837,0.0,0.0
155838,0.0,0.0
155839,0.0,0.0
155840,0.0,0.0
155841,0.0,0.0
155842,0.0,0.0
155843,0.0,0.0
155844,0.0,0.0
155845,0.0,0.0
155846,0.0,0.0
155847,0.0,0.0
155848,0.0,0.0
155849,0.0,0.0
155850,0.0,0.0
155851,0.0,0.0
155852,0.0,0.0
155853,0.0,0.0
155854,0.0,0.0
155855,0.0,0.0
155856,0.0,0.0
155857,0.0,0.0
155858,0.0,0.0
155859,0.0,0.0
155860,0.0,0.0
155861,0.0,0.0
155862,0.0,0.0
155863,0.0,0.0
155864,0.0,0.0
155865,0.0,0.0
155866,0.0,0.0
155867,0.0,0.0
155868,0.0,0.0
155869,0.0,0.0
155870,0.0,0.0
155871,0.0,0.0
155872,0.0,0.0
155873,0.0,0.0
155874,0.0,0.0
155875,0.0,0.0
155876,0.0,0.0
155877,0.0,0.0
155878,0.0,0.0
155879,0.0,0.0
155880,0.0,0.0
155881,0.0,0.0
155882,0.0,0.0
155883,0.0,0.0
155884,0.0,0.0
155885,0.0,0.0
155886,0.0,0.0
155887,0.0,0.0
155888,0.0,0.0
155889,0.0,0.0
155890,0.0,0.0
155891,0.0,0.0
155892,0.0,0.0
155893,0.0,0.0
155894,0.0,0.0
155895,0.0,0.0
155896,0.0,0.0
155897,0.0,0.0
155898,0.0,0.0
155899,0.0,0.0
155900,0.0,0.0
155901,0.0,0.0
155902,0.0,0.0
155903,0.0,0.0
155904,0.0,0.0
155905,0.0,0.0
155906,0.0,0.0
155907,0.0,0.0
155908,0.0,0.0
155909,0.0,0.0
155910,0.0,0.0
155911,0.0,0.0
155912,0.0,0.0
155913,0.0,0.0
155914,0.0,0.0
155915,0.0,0.0
155916,0.0,0.0
155917,0.0,0.0
155918,0.0,0.0
155919,0.0,0.0
155920,0.0,0.0
155921,0.0,0.0
155922,0.0,0.0
155923,0.0,0.0
155924,0.0,0.0
155925,0.0,0.0
155926,0.0,0.0
155927,0.0,0.0
155928,0.0,0.0
155929,0.0,0.0
155930,0.0,0.0
155931,0.0,0.0
155932,0.0,0.0
155933,0.0,0.0
155934,0.0,0.0
155935,0.0,0.0
155936,0.0,0.0
155937,0.0,0.0
155938,0.0,0.0
155939,0.0,0.0
155940,0.0,0.0
155941,0.0,0.0
155942,0.0,0.0
155943,0.0,0.0
155944,0.0,0.0
155945,0.0,0.0
155946,0.0,0.0
155947,0.0,0.0
155948,0.0,0.0
155949,0.0,0.0
155950,0.0,0.0
155951,0.0,0.0
155952,0.0,0.0
155953,0.0,0.0
155954,0.0,0.0
155955,0.0,0.0
155956,0.0,0.0
155957,0.0,0.0
155958,0.0,0.0
155959,0.0,0.0
155960,0.0,0.0
155961,0.0,0.0
155962,0.0,0.0
155963,0.0,0.0
155964,0.0,0.0
155965,0.0,0.0
155966,0.0,0.0
155967,0.0,0.0
155968,0.0,0.0
155969,0.0,0.0
155970,0.0,0.0
155971,0.0,0.0
155972,0.0,0.0
155973,0.0,0.0
155974,0.0,0.0
155975,0.0,0.0
155976,0.0,0.0
155977,0.0,0.0
155978,0.0,0.0
155979,0.0,0.0
155980,0.0,0.0
155981,0.0,0.0
155982,0.0,0.0
155983,0.0,0.0
155984,0.0,0.0
155985,0.0,0.0
155986,0.0,0.0
155987,0.0,0.0
155988,0.0,0.0
155989,0.0,0.0
155990,0.0,0.0
155991,0.0,0.0
155992,0.0,0.0
155993,0.0,0.0
155994,0.0,0.0
155995,0.0,0.0
155996,0.0,0.0
155997,0.0,0.0
155998,0.0,0.0
155999,0.0,0.0
156000,0.0,0.0
156001,0.0,0.0
156002,0.0,0.0
156003,0.0,0.0
156004,0.0,0.0
156005,0.0,0.0
156006,0.0,0.0
156007,0.0,0.0
156008,0.0,0.0
156009,0.0,0.0
156010,0.0,0.0
156011,0.0,0.0
156012,0.0,0.0
156013,0.0,0.0
156014,0.0,0.0
156015,0.0,0.0
156016,0.0,0.0
156017,0.0,0.0
156018,0.0,0.0
156019,0.0,0.0
156020,0.0,0.0
156021,0.0,0.0
156022,0.0,0.0
156023,0.0,0.0
156024,0.0,0.0
156025,0.0,0.0
156026,0.0,0.0
156027,0.0,0.0
156028,0.0,0.0
156029,0.0,0.0
156030,0.0,0.0
156031,0.0,0.0
156032,0.0,0.0
156033,0.0,0.0
156034,0.0,0.0
156035,0.0,0.0
156036,0.0,0.0
156037,0.0,0.0
156038,0.0,0.0
156039,0.0,0.0
156040,0.0,0.0
156041,0.0,0.0
156042,0.0,0.0
156043,0.0,0.0
156044,0.0,0.0
156045,0.0,0.0
156046,0.0,0.0
156047,0.0,0.0
156048,0.0,0.0
156049,0.0,0.0
156050,0.0,0.0
156051,0.0,0.0
156052,0.0,0.0
156053,0.0,0.0
156054,0.0,0.0
156055,0.0,0.0
156056,0.0,0.0
156057,0.0,0.0
156058,0.0,0.0
156059,0.0,0.0
156060,0.0,0.0
156061,0.0,0.0
156062,0.0,0.0
156063,0.0,0.0
156064,0.0,0.0
156065,0.0,0.0
156066,0.0,0.0
156067,0.0,0.0
156068,0.0,0.0
156069,0.0,0.0
156070,0.0,0.0
156071,0.0,0.0
156072,0.0,0.0
156073,0.0,0.0
156074,0.0,0.0
156075,0.0,0.0
156076,0.0,0.0
156077,0.0,0.0
156078,0.0,0.0
156079,0.0,0.0
156080,0.0,0.0
156081,0.0,0.0
156082,0.0,0.0
156083,0.0,0.0
156084,0.0,0.0
156085,0.0,0.0
156086,0.0,0.0
156087,0.0,0.0
156088,0.0,0.0
156089,0.0,0.0
156090,0.0,0.0
156091,0.0,0.0
156092,0.0,0.0
156093,0.0,0.0
156094,0.0,0.0
156095,0.0,0.0
156096,0.0,0.0
156097,0.0,0.0
156098,0.0,0.0
156099,0.0,0.0
156100,0.0,0.0
156101,0.0,0.0
156102,0.0,0.0
156103,0.0,0.0
156104,0.0,0.0
156105,0.0,0.0
156106,0.0,0.0
156107,0.0,0.0
156108,0.0,0.0
156109,0.0,0.0
156110,0.0,0.0
156111,0.0,0.0
156112,0.0,0.0
156113,0.0,0.0
156114,0.0,0.0
156115,0.0,0.0
156116,0.0,0.0
156117,0.0,0.0
156118,0.0,0.0
156119,0.0,0.0
156120,0.0,0.0
156121,0.0,0.0
156122,0.0,0.0
156123,0.0,0.0
156124,0.0,0.0
156125,0.0,0.0
156126,0.0,0.0
156127,0.0,0.0
156128,0.0,0.0
156129,0.0,0.0
156130,0.0,0.0
156131,0.0,0.0
156132,0.0,0.0
156133,0.0,0.0
156134,0.0,0.0
156135,0.0,0.0
156136,0.0,0.0
156137,0.0,0.0
156138,0.0,0.0
156139,0.0,0.0
156140,0.0,0.0
156141,0.0,0.0
156142,0.0,0.0
156143,0.0,0.0
156144,0.0,0.0
156145,0.0,0.0
156146,0.0,0.0
156147,0.0,0.0
156148,0.0,0.0
156149,0.0,0.0
156150,0.0,0.0
156151,0.0,0.0
156152,0.0,0.0
156153,0.0,0.0
156154,0.0,0.0
156155,0.0,0.0
156156,0.0,0.0
156157,0.0,0.0
156158,0.0,0.0
156159,0.0,0.0
156160,0.0,0.0
156161,0.0,0.0
156162,0.0,0.0
156163,0.0,0.0
156164,0.0,0.0
156165,0.0,0.0
156166,0.0,0.0
156167,0.0,0.0
156168,0.0,0.0
156169,0.0,0.0
156170,0.0,0.0
156171,0.0,0.0
156172,0.0,0.0
156173,0.0,0.0
156174,0.0,0.0
156175,0.0,0.0
156176,0.0,0.0
156177,0.0,0.0
156178,0.0,0.0
156179,0.0,0.0
156180,0.0,0.0
156181,0.0,0.0
156182,0.0,0.0
156183,0.0,0.0
156184,0.0,0.0
156185,0.0,0.0
156186,0.0,0.0
156187,0.0,0.0
156188,0.0,0.0
156189,0.0,0.0
156190,0.0,0.0
156191,0.0,0.0
156192,0.0,0.0
156193,0.0,0.0
156194,0.0,0.0
156195,0.0,0.0
156196,0.0,0.0
156197,0.0,0.0
156198,0.0,0.0
156199,0.0,0.0
156200,0.0,0.0
156201,0.0,0.0
156202,0.0,0.0
156203,0.0,0.0
156204,0.0,0.0
156205,0.0,0.0
156206,0.0,0.0
156207,0.0,0.0
156208,0.0,0.0
156209,0.0,0.0
156210,0.0,0.0
156211,0.0,0.0
156212,0.0,0.0
156213,0.0,0.0
156214,0.0,0.0
156215,0.0,0.0
156216,0.0,0.0
156217,0.0,0.0
156218,0.0,0.0
156219,0.0,0.0
156220,0.0,0.0
156221,0.0,0.0
156222,0.0,0.0
156223,0.0,0.0
156224,0.0,0.0
156225,0.0,0.0
156226,0.0,0.0
156227,0.0,0.0
156228,0.0,0.0
156229,0.0,0.0
156230,0.0,0.0
156231,0.0,0.0
156232,0.0,0.0
156233,0.0,0.0
156234,0.0,0.0
156235,0.0,0.0
156236,0.0,0.0
156237,0.0,0.0
156238,0.0,0.0
156239,0.0,0.0
156240,0.0,0.0
156241,0.0,0.0
156242,0.0,0.0
156243,0.0,0.0
156244,0.0,0.0
156245,0.0,0.0
156246,0.0,0.0
156247,0.0,0.0
156248,0.0,0.0
156249,0.0,0.0
156250,0.0,0.0
156251,0.0,0.0
156252,0.0,0.0
156253,0.0,0.0
156254,0.0,0.0
156255,0.0,0.0
156256,0.0,0.0
156257,0.0,0.0
156258,0.0,0.0
156259,0.0,0.0
156260,0.0,0.0
156261,0.0,0.0
156262,0.0,0.0
156263,0.0,0.0
156264,0.0,0.0
156265,0.0,0.0
156266,0.0,0.0
156267,0.0,0.0
156268,0.0,0.0
156269,0.0,0.0
156270,0.0,0.0
156271,0.0,0.0
156272,0.0,0.0
156273,0.0,0.0
156274,0.0,0.0
156275,0.0,0.0
156276,0.0,0.0
156277,0.0,0.0
156278,0.0,0.0
156279,0.0,0.0
156280,0.0,0.0
156281,0.0,0.0
156282,0.0,0.0
156283,0.0,0.0
156284,0.0,0.0
156285,0.0,0.0
156286,0.0,0.0
156287,0.0,0.0
156288,0.0,0.0
156289,0.0,0.0
156290,0.0,0.0
156291,0.0,0.0
156292,0.0,0.0
156293,0.0,0.0
156294,0.0,0.0
156295,0.0,0.0
156296,0.0,0.0
156297,0.0,0.0
156298,0.0,0.0
156299,0.0,0.0
156300,0.0,0.0
156301,0.0,0.0
156302,0.0,0.0
156303,0.0,0.0
156304,0.0,0.0
156305,0.0,0.0
156306,0.0,0.0
156307,0.0,0.0
156308,0.0,0.0
156309,0.0,0.0
156310,0.0,0.0
156311,0.0,0.0
156312,0.0,0.0
156313,0.0,0.0
156314,0.0,0.0
156315,0.0,0.0
156316,0.0,0.0
156317,0.0,0.0
156318,0.0,0.0
156319,0.0,0.0
156320,0.0,0.0
156321,0.0,0.0
156322,0.0,0.0
156323,0.0,0.0
156324,0.0,0.0
156325,0.0,0.0
156326,0.0,0.0
156327,0.0,0.0
156328,0.0,0.0
156329,0.0,0.0
156330,0.0,0.0
156331,0.0,0.0
156332,0.0,0.0
156333,0.0,0.0
156334,0.0,0.0
156335,0.0,0.0
156336,0.0,0.0
156337,0.0,0.0
156338,0.0,0.0
156339,0.0,0.0
156340,0.0,0.0
156341,0.0,0.0
156342,0.0,0.0
156343,0.0,0.0
156344,0.0,0.0
156345,0.0,0.0
156346,0.0,0.0
156347,0.0,0.0
156348,0.0,0.0
156349,0.0,0.0
156350,0.0,0.0
156351,0.0,0.0
156352,0.0,0.0
156353,0.0,0.0
156354,0.0,0.0
156355,0.0,0.0
156356,0.0,0.0
156357,0.0,0.0
156358,0.0,0.0
156359,0.0,0.0
156360,0.0,0.0
156361,0.0,0.0
156362,0.0,0.0
156363,0.0,0.0
156364,0.0,0.0
156365,0.0,0.0
156366,0.0,0.0
156367,0.0,0.0
156368,0.0,0.0
156369,0.0,0.0
156370,0.0,0.0
156371,0.0,0.0
156372,0.0,0.0
156373,0.0,0.0
156374,0.0,0.0
156375,0.0,0.0
156376,0.0,0.0
156377,0.0,0.0
156378,0.0,0.0
156379,0.0,0.0
156380,0.0,0.0
156381,0.0,0.0
156382,0.0,0.0
156383,0.0,0.0
156384,0.0,0.0
156385,0.0,0.0
156386,0.0,0.0
156387,0.0,0.0
156388,0.0,0.0
156389,0.0,0.0
156390,0.0,0.0
156391,0.0,0.0
156392,0.0,0.0
156393,0.0,0.0
156394,0.0,0.0
156395,0.0,0.0
156396,0.0,0.0
156397,0.0,0.0
156398,0.0,0.0
156399,0.0,0.0
156400,0.0,0.0
156401,0.0,0.0
156402,0.0,0.0
156403,0.0,0.0
156404,0.0,0.0
156405,0.0,0.0
156406,0.0,0.0
156407,0.0,0.0
156408,0.0,0.0
156409,0.0,0.0
156410,0.0,0.0
156411,0.0,0.0
156412,0.0,0.0
156413,0.0,0.0
156414,0.0,0.0
156415,0.0,0.0
156416,0.0,0.0
156417,0.0,0.0
156418,0.0,0.0
156419,0.0,0.0
156420,0.0,0.0
156421,0.0,0.0
156422,0.0,0.0
156423,0.0,0.0
156424,0.0,0.0
156425,0.0,0.0
156426,0.0,0.0
156427,0.0,0.0
156428,0.0,0.0
156429,0.0,0.0
156430,0.0,0.0
156431,0.0,0.0
156432,0.0,0.0
156433,0.0,0.0
156434,0.0,0.0
156435,0.0,0.0
156436,0.0,0.0
156437,0.0,0.0
156438,0.0,0.0
156439,0.0,0.0
156440,0.0,0.0
156441,0.0,0.0
156442,0.0,0.0
156443,0.0,0.0
156444,0.0,0.0
156445,0.0,0.0
156446,0.0,0.0
156447,0.0,0.0
156448,0.0,0.0
156449,0.0,0.0
156450,0.0,0.0
156451,0.0,0.0
156452,0.0,0.0
156453,0.0,0.0
156454,0.0,0.0
156455,0.0,0.0
156456,0.0,0.0
156457,0.0,0.0
156458,0.0,0.0
156459,0.0,0.0
156460,0.0,0.0
156461,0.0,0.0
156462,0.0,0.0
156463,0.0,0.0
156464,0.0,0.0
156465,0.0,0.0
156466,0.0,0.0
156467,0.0,0.0
156468,0.0,0.0
156469,0.0,0.0
156470,0.0,0.0
156471,0.0,0.0
156472,0.0,0.0
156473,0.0,0.0
156474,0.0,0.0
156475,0.0,0.0
156476,0.0,0.0
156477,0.0,0.0
156478,0.0,0.0
156479,0.0,0.0
156480,0.0,0.0
156481,0.0,0.0
156482,0.0,0.0
156483,0.0,0.0
156484,0.0,0.0
156485,0.0,0.0
156486,0.0,0.0
156487,0.0,0.0
156488,0.0,0.0
156489,0.0,0.0
156490,0.0,0.0
156491,0.0,0.0
156492,0.0,0.0
156493,0.0,0.0
156494,0.0,0.0
156495,0.0,0.0
156496,0.0,0.0
156497,0.0,0.0
156498,0.0,0.0
156499,0.0,0.0
156500,0.0,0.0
156501,0.0,0.0
156502,0.0,0.0
156503,0.0,0.0
156504,0.0,0.0
156505,0.0,0.0
156506,0.0,0.0
156507,0.0,0.0
156508,0.0,0.0
156509,0.0,0.0
156510,0.0,0.0
156511,0.0,0.0
156512,0.0,0.0
156513,0.0,0.0
156514,0.0,0.0
156515,0.0,0.0
156516,0.0,0.0
156517,0.0,0.0
156518,0.0,0.0
156519,0.0,0.0
156520,0.0,0.0
156521,0.0,0.0
156522,0.0,0.0
156523,0.0,0.0
156524,0.0,0.0
156525,0.0,0.0
156526,0.0,0.0
156527,0.0,0.0
156528,0.0,0.0
156529,0.0,0.0
156530,0.0,0.0
156531,0.0,0.0
156532,0.0,0.0
156533,0.0,0.0
156534,0.0,0.0
156535,0.0,0.0
156536,0.0,0.0
156537,0.0,0.0
156538,0.0,0.0
156539,0.0,0.0
156540,0.0,0.0
156541,0.0,0.0
156542,0.0,0.0
156543,0.0,0.0
156544,0.0,0.0
156545,0.0,0.0
156546,0.0,0.0
156547,0.0,0.0
156548,0.0,0.0
156549,0.0,0.0
156550,0.0,0.0
156551,0.0,0.0
156552,0.0,0.0
156553,0.0,0.0
156554,0.0,0.0
156555,0.0,0.0
156556,0.0,0.0
156557,0.0,0.0
156558,0.0,0.0
156559,0.0,0.0
156560,0.0,0.0
156561,0.0,0.0
156562,0.0,0.0
156563,0.0,0.0
156564,0.0,0.0
156565,0.0,0.0
156566,0.0,0.0
156567,0.0,0.0
156568,0.0,0.0
156569,0.0,0.0
156570,0.0,0.0
156571,0.0,0.0
156572,0.0,0.0
156573,0.0,0.0
156574,0.0,0.0
156575,0.0,0.0
156576,0.0,0.0
156577,0.0,0.0
156578,0.0,0.0
156579,0.0,0.0
156580,0.0,0.0
156581,0.0,0.0
156582,0.0,0.0
156583,0.0,0.0
156584,0.0,0.0
156585,0.0,0.0
156586,0.0,0.0
156587,0.0,0.0
156588,0.0,0.0
156589,0.0,0.0
156590,0.0,0.0
156591,0.0,0.0
156592,0.0,0.0
156593,0.0,0.0
156594,0.0,0.0
156595,0.0,0.0
156596,0.0,0.0
156597,0.0,0.0
156598,0.0,0.0
156599,0.0,0.0
156600,0.0,0.0
156601,0.0,0.0
156602,0.0,0.0
156603,0.0,0.0
156604,0.0,0.0
156605,0.0,0.0
156606,0.0,0.0
156607,0.0,0.0
156608,0.0,0.0
156609,0.0,0.0
156610,0.0,0.0
156611,0.0,0.0
156612,0.0,0.0
156613,0.0,0.0
156614,0.0,0.0
156615,0.0,0.0
156616,0.0,0.0
156617,0.0,0.0
156618,0.0,0.0
156619,0.0,0.0
156620,0.0,0.0
156621,0.0,0.0
156622,0.0,0.0
156623,0.0,0.0
156624,0.0,0.0
156625,0.0,0.0
156626,0.0,0.0
156627,0.0,0.0
156628,0.0,0.0
156629,0.0,0.0
156630,0.0,0.0
156631,0.0,0.0
156632,0.0,0.0
156633,0.0,0.0
156634,0.0,0.0
156635,0.0,0.0
156636,0.0,0.0
156637,0.0,0.0
156638,0.0,0.0
156639,0.0,0.0
156640,0.0,0.0
156641,0.0,0.0
156642,0.0,0.0
156643,0.0,0.0
156644,0.0,0.0
156645,0.0,0.0
156646,0.0,0.0
156647,0.0,0.0
156648,0.0,0.0
156649,0.0,0.0
156650,0.0,0.0
156651,0.0,0.0
156652,0.0,0.0
156653,0.0,0.0
156654,0.0,0.0
156655,0.0,0.0
156656,0.0,0.0
156657,0.0,0.0
156658,0.0,0.0
156659,0.0,0.0
156660,0.0,0.0
156661,0.0,0.0
156662,0.0,0.0
156663,0.0,0.0
156664,0.0,0.0
156665,0.0,0.0
156666,0.0,0.0
156667,0.0,0.0
156668,0.0,0.0
156669,0.0,0.0
156670,0.0,0.0
156671,0.0,0.0
156672,0.0,0.0
156673,0.0,0.0
156674,0.0,0.0
156675,0.0,0.0
156676,0.0,0.0
156677,0.0,0.0
156678,0.0,0.0
156679,0.0,0.0
156680,0.0,0.0
156681,0.0,0.0
156682,0.0,0.0
156683,0.0,0.0
156684,0.0,0.0
156685,0.0,0.0
156686,0.0,0.0
156687,0.0,0.0
156688,0.0,0.0
156689,0.0,0.0
156690,0.0,0.0
156691,0.0,0.0
156692,0.0,0.0
156693,0.0,0.0
156694,0.0,0.0
156695,0.0,0.0
156696,0.0,0.0
156697,0.0,0.0
156698,0.0,0.0
156699,0.0,0.0
156700,0.0,0.0
156701,0.0,0.0
156702,0.0,0.0
156703,0.0,0.0
156704,0.0,0.0
156705,0.0,0.0
156706,0.0,0.0
156707,0.0,0.0
156708,0.0,0.0
156709,0.0,0.0
156710,0.0,0.0
156711,0.0,0.0
156712,0.0,0.0
156713,0.0,0.0
156714,0.0,0.0
156715,0.0,0.0
156716,0.0,0.0
156717,0.0,0.0
156718,0.0,0.0
156719,0.0,0.0
156720,0.0,0.0
156721,0.0,0.0
156722,0.0,0.0
156723,0.0,0.0
156724,0.0,0.0
156725,0.0,0.0
156726,0.0,0.0
156727,0.0,0.0
156728,0.0,0.0
156729,0.0,0.0
156730,0.0,0.0
156731,0.0,0.0
156732,0.0,0.0
156733,0.0,0.0
156734,0.0,0.0
156735,0.0,0.0
156736,0.0,0.0
156737,0.0,0.0
156738,0.0,0.0
156739,0.0,0.0
156740,0.0,0.0
156741,0.0,0.0
156742,0.0,0.0
156743,0.0,0.0
156744,0.0,0.0
156745,0.0,0.0
156746,4.755326271057129,2.5323333740234375
156747,4.580901145935059,2.7508797645568848
156748,0.0,0.0
156749,0.0,0.0
156750,0.0,0.0
156751,0.0,0.0
156752,0.0,0.0
156753,0.0,0.0
156754,0.0,0.0
156755,0.0,0.0
156756,0.0,0.0
156757,0.0,0.0
156758,0.0,0.0
156759,0.0,0.0
156760,0.0,0.0
156761,0.0,0.0
156762,0.0,0.0
156763,0.0,0.0
156764,0.0,0.0
156765,4.635457515716553,2.6615676879882812
156766,4.506239891052246,2.3876333236694336
156767,0.0,0.0
156768,0.0,0.0
156769,0.0,0.0
156770,0.0,0.0
156771,0.0,0.0
156772,0.0,0.0
156773,0.0,0.0
156774,0.0,0.0
156775,0.0,0.0
156776,0.0,0.0
156777,0.0,0.0
156778,0.0,0.0
156779,0.0,0.0
156780,0.0,0.0
156781,0.0,0.0
156782,0.0,0.0
156783,0.0,0.0
156784,4.536624431610107,2.5140674114227295
156785,4.64682149887085,2.290715456008911
156786,0.0,0.0
156787,0.0,0.0
156788,0.0,0.0
156789,0.0,0.0
156790,0.0,0.0
156791,0.0,0.0
156792,0.0,0.0
156793,0.0,0.0
156794,0.0,0.0
156795,0.0,0.0
156796,0.0,0.0
156797,0.0,0.0
156798,0.0,0.0
156799,0.0,0.0
156800,0.0,0.0
156801,0.0,0.0
156802,0.0,0.0
156803,0.0,0.0
156804,0.0,0.0
156805,0.0,0.0
156806,0.0,0.0
156807,0.0,0.0
156808,0.0,0.0
156809,0.0,0.0
156810,0.0,0.0
156811,0.0,0.0
156812,0.0,0.0
156813,0.0,0.0
156814,0.0,0.0
156815,0.0,0.0
156816,0.0,0.0
156817,0.0,0.0
156818,0.0,0.0
156819,0.0,0.0
156820,0.0,0.0
156821,0.0,0.0
156822,0.0,0.0
156823,0.0,0.0
156824,0.0,0.0
156825,0.0,0.0
156826,0.0,0.0
156827,0.0,0.0
156828,0.0,0.0
156829,0.0,0.0
156830,0.0,0.0
156831,0.0,0.0
156832,0.0,0.0
156833,0.0,0.0
156834,0.0,0.0
156835,0.0,0.0
156836,0.0,0.0
156837,0.0,0.0
156838,0.0,0.0
156839,0.0,0.0
156840,0.0,0.0
156841,0.0,0.0
156842,0.0,0.0
156843,0.0,0.0
156844,0.0,0.0
156845,0.0,0.0
156846,0.0,0.0
156847,0.0,0.0
156848,0.0,0.0
156849,0.0,0.0
156850,0.0,0.0
156851,0.0,0.0
156852,0.0,0.0
156853,0.0,0.0
156854,0.0,0.0
156855,0.0,0.0
156856,0.0,0.0
156857,0.0,0.0
156858,0.0,0.0
156859,0.0,0.0
156860,0.0,0.0
156861,0.0,0.0
156862,0.0,0.0
156863,0.0,0.0
156864,0.0,0.0
156865,0.0,0.0
156866,0.0,0.0
156867,0.0,0.0
156868,0.0,0.0
156869,0.0,0.0
156870,0.0,0.0
156871,0.0,0.0
156872,0.0,0.0
156873,0.0,0.0
156874,0.0,0.0
156875,0.0,0.0
156876,0.0,0.0
156877,0.0,0.0
156878,0.0,0.0
156879,0.0,0.0
156880,0.0,0.0
156881,0.0,0.0
156882,0.0,0.0
156883,0.0,0.0
156884,0.0,0.0
156885,0.0,0.0
156886,0.0,0.0
156887,0.0,0.0
156888,0.0,0.0
156889,0.0,0.0
156890,0.0,0.0
156891,0.0,0.0
156892,0.0,0.0
156893,0.0,0.0
156894,0.0,0.0
156895,0.0,0.0
156896,0.0,0.0
156897,0.0,0.0
156898,0.0,0.0
156899,0.0,0.0
156900,0.0,0.0
156901,0.0,0.0
156902,0.0,0.0
156903,0.0,0.0
156904,0.0,0.0
156905,0.0,0.0
156906,0.0,0.0
156907,0.0,0.0
156908,0.0,0.0
156909,0.0,0.0
156910,0.0,0.0
156911,0.0,0.0
156912,0.0,0.0
156913,0.0,0.0
156914,0.0,0.0
156915,0.0,0.0
156916,0.0,0.0
156917,0.0,0.0
156918,0.0,0.0
156919,0.0,0.0
156920,0.0,0.0
156921,0.0,0.0
156922,0.0,0.0
156923,0.0,0.0
156924,0.0,0.0
156925,0.0,0.0
156926,0.0,0.0
156927,0.0,0.0
156928,0.0,0.0
156929,0.0,0.0
156930,0.0,0.0
156931,0.0,0.0
156932,0.0,0.0
156933,0.0,0.0
156934,0.0,0.0
156935,0.0,0.0
156936,0.0,0.0
156937,0.0,0.0
156938,0.0,0.0
156939,0.0,0.0
156940,0.0,0.0
156941,0.0,0.0
156942,0.0,0.0
156943,0.0,0.0
156944,0.0,0.0
156945,0.0,0.0
156946,0.0,0.0
156947,0.0,0.0
156948,0.0,0.0
156949,0.0,0.0
156950,0.0,0.0
156951,0.0,0.0
156952,0.0,0.0
156953,0.0,0.0
156954,0.0,0.0
156955,0.0,0.0
156956,0.0,0.0
156957,0.0,0.0
156958,0.0,0.0
156959,0.0,0.0
156960,0.0,0.0
156961,0.0,0.0
156962,0.0,0.0
156963,0.0,0.0
156964,0.0,0.0
156965,0.0,0.0
156966,0.0,0.0
156967,0.0,0.0
156968,0.0,0.0
156969,0.0,0.0
156970,0.0,0.0
156971,0.0,0.0
156972,0.0,0.0
156973,0.0,0.0
156974,0.0,0.0
156975,0.0,0.0
156976,0.0,0.0
156977,0.0,0.0
156978,0.0,0.0
156979,0.0,0.0
156980,0.0,0.0
156981,0.0,0.0
156982,0.0,0.0
156983,0.0,0.0
156984,0.0,0.0
156985,0.0,0.0
156986,0.0,0.0
156987,0.0,0.0
156988,0.0,0.0
156989,0.0,0.0
156990,0.0,0.0
156991,0.0,0.0
156992,0.0,0.0
156993,0.0,0.0
156994,0.0,0.0
156995,0.0,0.0
156996,0.0,0.0
156997,0.0,0.0
156998,0.0,0.0
156999,0.0,0.0
157000,0.0,0.0
157001,0.0,0.0
157002,0.0,0.0
157003,0.0,0.0
157004,0.0,0.0
157005,0.0,0.0
157006,0.0,0.0
157007,0.0,0.0
157008,0.0,0.0
157009,0.0,0.0
157010,0.0,0.0
157011,0.0,0.0
157012,0.0,0.0
157013,0.0,0.0
157014,0.0,0.0
157015,0.0,0.0
157016,0.0,0.0
157017,0.0,0.0
157018,0.0,0.0
157019,0.0,0.0
157020,0.0,0.0
157021,0.0,0.0
157022,0.0,0.0
157023,0.0,0.0
157024,0.0,0.0
157025,0.0,0.0
157026,0.0,0.0
157027,0.0,0.0
157028,0.0,0.0
157029,0.0,0.0
157030,0.0,0.0
157031,0.0,0.0
157032,0.0,0.0
157033,0.0,0.0
157034,0.0,0.0
157035,0.0,0.0
157036,0.0,0.0
157037,0.0,0.0
157038,0.0,0.0
157039,0.0,0.0
157040,0.0,0.0
157041,0.0,0.0
157042,0.0,0.0
157043,0.0,0.0
157044,0.0,0.0
157045,0.0,0.0
157046,0.0,0.0
157047,0.0,0.0
157048,0.0,0.0
157049,0.0,0.0
157050,0.0,0.0
157051,0.0,0.0
157052,0.0,0.0
157053,0.0,0.0
157054,0.0,0.0
157055,0.0,0.0
157056,0.0,0.0
157057,0.0,0.0
157058,0.0,0.0
157059,0.0,0.0
157060,0.0,0.0
157061,0.0,0.0
157062,0.0,0.0
157063,0.0,0.0
157064,0.0,0.0
157065,0.0,0.0
157066,0.0,0.0
157067,0.0,0.0
157068,0.0,0.0
157069,0.0,0.0
157070,0.0,0.0
157071,0.0,0.0
157072,0.0,0.0
157073,0.0,0.0
157074,0.0,0.0
157075,0.0,0.0
157076,0.0,0.0
157077,0.0,0.0
157078,0.0,0.0
157079,0.0,0.0
157080,0.0,0.0
157081,0.0,0.0
157082,0.0,0.0
157083,0.0,0.0
157084,0.0,0.0
157085,0.0,0.0
157086,0.0,0.0
157087,0.0,0.0
157088,0.0,0.0
157089,0.0,0.0
157090,0.0,0.0
157091,0.0,0.0
157092,0.0,0.0
157093,0.0,0.0
157094,0.0,0.0
157095,0.0,0.0
157096,0.0,0.0
157097,0.0,0.0
157098,0.0,0.0
157099,0.0,0.0
157100,0.0,0.0
157101,0.0,0.0
157102,0.0,0.0
157103,0.0,0.0
157104,0.0,0.0
157105,0.0,0.0
157106,0.0,0.0
157107,0.0,0.0
157108,0.0,0.0
157109,0.0,0.0
157110,0.0,0.0
157111,0.0,0.0
157112,0.0,0.0
157113,0.0,0.0
157114,0.0,0.0
157115,0.0,0.0
157116,0.0,0.0
157117,0.0,0.0
157118,0.0,0.0
157119,0.0,0.0
157120,0.0,0.0
157121,0.0,0.0
157122,0.0,0.0
157123,0.0,0.0
157124,0.0,0.0
157125,0.0,0.0
157126,0.0,0.0
157127,0.0,0.0
157128,0.0,0.0
157129,0.0,0.0
157130,0.0,0.0
157131,0.0,0.0
157132,0.0,0.0
157133,0.0,0.0
157134,0.0,0.0
157135,0.0,0.0
157136,0.0,0.0
157137,0.0,0.0
157138,0.0,0.0
157139,0.0,0.0
157140,0.0,0.0
157141,0.0,0.0
157142,0.0,0.0
157143,0.0,0.0
157144,0.0,0.0
157145,0.0,0.0
157146,0.0,0.0
157147,0.0,0.0
157148,0.0,0.0
157149,0.0,0.0
157150,0.0,0.0
157151,0.0,0.0
157152,0.0,0.0
157153,0.0,0.0
157154,0.0,0.0
157155,0.0,0.0
157156,0.0,0.0
157157,0.0,0.0
157158,0.0,0.0
157159,0.0,0.0
157160,0.0,0.0
157161,0.0,0.0
157162,0.0,0.0
157163,0.0,0.0
157164,0.0,0.0
157165,0.0,0.0
157166,0.0,0.0
157167,0.0,0.0
157168,0.0,0.0
157169,0.0,0.0
157170,0.0,0.0
157171,0.0,0.0
157172,0.0,0.0
157173,0.0,0.0
157174,0.0,0.0
157175,0.0,0.0
157176,0.0,0.0
157177,0.0,0.0
157178,0.0,0.0
157179,0.0,0.0
157180,0.0,0.0
157181,0.0,0.0
157182,0.0,0.0
157183,0.0,0.0
157184,0.0,0.0
157185,0.0,0.0
157186,0.0,0.0
157187,0.0,0.0
157188,0.0,0.0
157189,0.0,0.0
157190,0.0,0.0
157191,0.0,0.0
157192,0.0,0.0
157193,0.0,0.0
157194,0.0,0.0
157195,0.0,0.0
157196,0.0,0.0
157197,0.0,0.0
157198,0.0,0.0
157199,0.0,0.0
157200,0.0,0.0
157201,0.0,0.0
157202,0.0,0.0
157203,0.0,0.0
157204,0.0,0.0
157205,0.0,0.0
157206,0.0,0.0
157207,0.0,0.0
157208,0.0,0.0
157209,0.0,0.0
157210,0.0,0.0
157211,0.0,0.0
157212,0.0,0.0
157213,0.0,0.0
157214,0.0,0.0
157215,0.0,0.0
157216,0.0,0.0
157217,0.0,0.0
157218,0.0,0.0
157219,0.0,0.0
157220,0.0,0.0
157221,0.0,0.0
157222,0.0,0.0
157223,0.0,0.0
157224,0.0,0.0
157225,0.0,0.0
157226,0.0,0.0
157227,0.0,0.0
157228,0.0,0.0
157229,0.0,0.0
157230,0.0,0.0
157231,0.0,0.0
157232,0.0,0.0
157233,0.0,0.0
157234,0.0,0.0
157235,0.0,0.0
157236,0.0,0.0
157237,0.0,0.0
157238,0.0,0.0
157239,0.0,0.0
157240,0.0,0.0
157241,0.0,0.0
157242,0.0,0.0
157243,0.0,0.0
157244,0.0,0.0
157245,0.0,0.0
157246,0.0,0.0
157247,0.0,0.0
157248,0.0,0.0
157249,0.0,0.0
157250,0.0,0.0
157251,0.0,0.0
157252,0.0,0.0
157253,0.0,0.0
157254,0.0,0.0
157255,0.0,0.0
157256,0.0,0.0
157257,0.0,0.0
157258,0.0,0.0
157259,0.0,0.0
157260,0.0,0.0
157261,0.0,0.0
157262,0.0,0.0
157263,0.0,0.0
157264,0.0,0.0
157265,0.0,0.0
157266,0.0,0.0
157267,0.0,0.0
157268,0.0,0.0
157269,0.0,0.0
157270,0.0,0.0
157271,0.0,0.0
157272,0.0,0.0
157273,0.0,0.0
157274,0.0,0.0
157275,0.0,0.0
157276,0.0,0.0
157277,0.0,0.0
157278,0.0,0.0
157279,0.0,0.0
157280,0.0,0.0
157281,0.0,0.0
157282,0.0,0.0
157283,0.0,0.0
157284,0.0,0.0
157285,0.0,0.0
157286,0.0,0.0
157287,0.0,0.0
157288,0.0,0.0
157289,0.0,0.0
157290,0.0,0.0
157291,0.0,0.0
157292,0.0,0.0
157293,0.0,0.0
157294,0.0,0.0
157295,0.0,0.0
157296,0.0,0.0
157297,0.0,0.0
157298,0.0,0.0
157299,0.0,0.0
157300,0.0,0.0
157301,0.0,0.0
157302,0.0,0.0
157303,0.0,0.0
157304,0.0,0.0
157305,0.0,0.0
157306,0.0,0.0
157307,0.0,0.0
157308,0.0,0.0
157309,0.0,0.0
157310,0.0,0.0
157311,0.0,0.0
157312,0.0,0.0
157313,0.0,0.0
157314,0.0,0.0
157315,0.0,0.0
157316,0.0,0.0
157317,0.0,0.0
157318,0.0,0.0
157319,0.0,0.0
157320,0.0,0.0
157321,0.0,0.0
157322,0.0,0.0
157323,0.0,0.0
157324,0.0,0.0
157325,0.0,0.0
157326,0.0,0.0
157327,0.0,0.0
157328,0.0,0.0
157329,0.0,0.0
157330,0.0,0.0
157331,0.0,0.0
157332,0.0,0.0
157333,0.0,0.0
157334,0.0,0.0
157335,0.0,0.0
157336,0.0,0.0
157337,0.0,0.0
157338,0.0,0.0
157339,0.0,0.0
157340,0.0,0.0
157341,0.0,0.0
157342,0.0,0.0
157343,0.0,0.0
157344,0.0,0.0
157345,0.0,0.0
157346,0.0,0.0
157347,0.0,0.0
157348,0.0,0.0
157349,0.0,0.0
157350,0.0,0.0
157351,0.0,0.0
157352,0.0,0.0
157353,0.0,0.0
157354,0.0,0.0
157355,0.0,0.0
157356,0.0,0.0
157357,0.0,0.0
157358,0.0,0.0
157359,0.0,0.0
157360,0.0,0.0
157361,0.0,0.0
157362,0.0,0.0
157363,0.0,0.0
157364,0.0,0.0
157365,0.0,0.0
157366,0.0,0.0
157367,0.0,0.0
157368,0.0,0.0
157369,0.0,0.0
157370,0.0,0.0
157371,0.0,0.0
157372,0.0,0.0
157373,0.0,0.0
157374,0.0,0.0
157375,0.0,0.0
157376,0.0,0.0
157377,0.0,0.0
157378,0.0,0.0
157379,0.0,0.0
157380,0.0,0.0
157381,0.0,0.0
157382,0.0,0.0
157383,0.0,0.0
157384,0.0,0.0
157385,0.0,0.0
157386,0.0,0.0
157387,0.0,0.0
157388,0.0,0.0
157389,0.0,0.0
157390,0.0,0.0
157391,0.0,0.0
157392,0.0,0.0
157393,0.0,0.0
157394,0.0,0.0
157395,0.0,0.0
157396,0.0,0.0
157397,0.0,0.0
157398,0.0,0.0
157399,0.0,0.0
157400,0.0,0.0
157401,0.0,0.0
157402,0.0,0.0
157403,0.0,0.0
157404,0.0,0.0
157405,0.0,0.0
157406,0.0,0.0
157407,0.0,0.0
157408,0.0,0.0
157409,0.0,0.0
157410,0.0,0.0
157411,0.0,0.0
157412,0.0,0.0
157413,0.0,0.0
157414,0.0,0.0
157415,0.0,0.0
157416,0.0,0.0
157417,0.0,0.0
157418,0.0,0.0
157419,0.0,0.0
157420,0.0,0.0
157421,0.0,0.0
157422,0.0,0.0
157423,0.0,0.0
157424,0.0,0.0
157425,0.0,0.0
157426,0.0,0.0
157427,0.0,0.0
157428,0.0,0.0
157429,0.0,0.0
157430,0.0,0.0
157431,0.0,0.0
157432,0.0,0.0
157433,0.0,0.0
157434,0.0,0.0
157435,0.0,0.0
157436,0.0,0.0
157437,0.0,0.0
157438,0.0,0.0
157439,0.0,0.0
157440,0.0,0.0
157441,0.0,0.0
157442,0.0,0.0
157443,0.0,0.0
157444,0.0,0.0
157445,0.0,0.0
157446,0.0,0.0
157447,0.0,0.0
157448,0.0,0.0
157449,0.0,0.0
157450,0.0,0.0
157451,0.0,0.0
157452,0.0,0.0
157453,0.0,0.0
157454,0.0,0.0
157455,0.0,0.0
157456,0.0,0.0
157457,0.0,0.0
157458,0.0,0.0
157459,0.0,0.0
157460,0.0,0.0
157461,0.0,0.0
157462,0.0,0.0
157463,0.0,0.0
157464,0.0,0.0
157465,0.0,0.0
157466,0.0,0.0
157467,0.0,0.0
157468,0.0,0.0
157469,0.0,0.0
157470,0.0,0.0
157471,0.0,0.0
157472,0.0,0.0
157473,0.0,0.0
157474,0.0,0.0
157475,0.0,0.0
157476,0.0,0.0
157477,0.0,0.0
157478,0.0,0.0
157479,0.0,0.0
157480,0.0,0.0
157481,0.0,0.0
157482,0.0,0.0
157483,0.0,0.0
157484,0.0,0.0
157485,0.0,0.0
157486,0.0,0.0
157487,0.0,0.0
157488,0.0,0.0
157489,0.0,0.0
157490,0.0,0.0
157491,0.0,0.0
157492,0.0,0.0
157493,0.0,0.0
157494,0.0,0.0
157495,0.0,0.0
157496,0.0,0.0
157497,0.0,0.0
157498,0.0,0.0
157499,0.0,0.0
157500,0.0,0.0
157501,0.0,0.0
157502,0.0,0.0
157503,0.0,0.0
157504,0.0,0.0
157505,0.0,0.0
157506,0.0,0.0
157507,0.0,0.0
157508,0.0,0.0
157509,0.0,0.0
157510,0.0,0.0
157511,0.0,0.0
157512,0.0,0.0
157513,0.0,0.0
157514,0.0,0.0
157515,0.0,0.0
157516,0.0,0.0
157517,0.0,0.0
157518,0.0,0.0
157519,0.0,0.0
157520,0.0,0.0
157521,0.0,0.0
157522,0.0,0.0
157523,0.0,0.0
157524,0.0,0.0
157525,0.0,0.0
157526,0.0,0.0
157527,0.0,0.0
157528,0.0,0.0
157529,0.0,0.0
157530,0.0,0.0
157531,0.0,0.0
157532,0.0,0.0
157533,0.0,0.0
157534,0.0,0.0
157535,0.0,0.0
157536,0.0,0.0
157537,0.0,0.0
157538,0.0,0.0
157539,0.0,0.0
157540,0.0,0.0
157541,0.0,0.0
157542,0.0,0.0
157543,0.0,0.0
157544,0.0,0.0
157545,0.0,0.0
157546,0.0,0.0
157547,0.0,0.0
157548,0.0,0.0
157549,0.0,0.0
157550,0.0,0.0
157551,0.0,0.0
157552,0.0,0.0
157553,0.0,0.0
157554,0.0,0.0
157555,0.0,0.0
157556,0.0,0.0
157557,0.0,0.0
157558,0.0,0.0
157559,0.0,0.0
157560,0.0,0.0
157561,0.0,0.0
157562,0.0,0.0
157563,0.0,0.0
157564,0.0,0.0
157565,0.0,0.0
157566,0.0,0.0
157567,0.0,0.0
157568,0.0,0.0
157569,0.0,0.0
157570,0.0,0.0
157571,0.0,0.0
157572,0.0,0.0
157573,0.0,0.0
157574,0.0,0.0
157575,0.0,0.0
157576,0.0,0.0
157577,0.0,0.0
157578,0.0,0.0
157579,0.0,0.0
157580,0.0,0.0
157581,0.0,0.0
157582,0.0,0.0
157583,0.0,0.0
157584,0.0,0.0
157585,0.0,0.0
157586,0.0,0.0
157587,0.0,0.0
157588,0.0,0.0
157589,0.0,0.0
157590,0.0,0.0
157591,0.0,0.0
157592,0.0,0.0
157593,0.0,0.0
157594,0.0,0.0
157595,0.0,0.0
157596,0.0,0.0
157597,0.0,0.0
157598,0.0,0.0
157599,0.0,0.0
157600,0.0,0.0
157601,0.0,0.0
157602,0.0,0.0
157603,0.0,0.0
157604,0.0,0.0
157605,0.0,0.0
157606,0.0,0.0
157607,0.0,0.0
157608,0.0,0.0
157609,0.0,0.0
157610,0.0,0.0
157611,0.0,0.0
157612,0.0,0.0
157613,0.0,0.0
157614,0.0,0.0
157615,0.0,0.0
157616,0.0,0.0
157617,0.0,0.0
157618,0.0,0.0
157619,0.0,0.0
157620,0.0,0.0
157621,0.0,0.0
157622,0.0,0.0
157623,0.0,0.0
157624,0.0,0.0
157625,0.0,0.0
157626,0.0,0.0
157627,0.0,0.0
157628,0.0,0.0
157629,0.0,0.0
157630,0.0,0.0
157631,0.0,0.0
157632,0.0,0.0
157633,0.0,0.0
